證券代號,交易日,成交股數,成交筆數,成交金額,開盤價,最高價,最低價,收盤價,漲跌價差,最後揭示買價,最後揭示買量,最後揭示賣價,最後揭示賣量,本益比
0050,2021-12-01,4329326,5203,603377795,138.1,140.5,138.05,140.3,2.3,140.25,11,140.3,8,0.0
0051,2021-12-01,82154,120,4865422,59.25,59.55,58.95,59.55,0.1,59.45,2,59.55,57,0.0
0052,2021-12-01,443264,345,57259339,127.7,130.05,127.6,129.8,2.1,129.75,2,129.8,17,0.0
0053,2021-12-01,1047,5,70349,67.2,67.2,67.2,67.2,0.0,67.7,1,67.8,1,0.0
0054,2021-12-01,17042,4,519781,30.5,30.5,30.5,30.5,0.02,30.51,8,30.78,8,0.0
0055,2021-12-01,520313,308,12317457,23.53,23.82,23.5,23.82,0.27,23.8,5,23.83,5,0.0
0056,2021-12-01,8905367,5276,288495336,32.28,32.54,32.16,32.5,0.2,32.5,263,32.51,179,0.0
0057,2021-12-01,24000,6,2306350,95.5,96.5,95.5,96.5,1.25,96.25,20,96.55,2,0.0
0061,2021-12-01,131077,27,2926868,22.3,22.47,22.29,22.33,0.09,22.32,1,22.33,7,0.0
006203,2021-12-01,1000,1,67100,67.1,67.1,67.1,67.1,0.7,67.25,35,67.55,35,0.0
006204,2021-12-01,24006,8,2111225,87.5,88.05,87.2,88.05,0.55,88.0,50,88.3,25,0.0
006205,2021-12-01,351564,81,12789013,36.33,36.45,36.25,36.3,0.03,36.26,102,36.3,5,0.0
006206,2021-12-01,54660,35,1915906,35.18,35.18,34.95,35.0,0.07,34.94,6,34.97,1,0.0
006207,2021-12-01,25000,11,734560,29.43,29.46,29.35,29.35,0.05,29.32,1,29.36,2,0.0
006208,2021-12-01,1815817,2072,142795359,78.0,79.15,77.95,79.0,1.1,78.95,24,79.0,12,0.0
00625K,2021-12-01,0,0,0,,,,,0.0,8.37,5,8.55,2,0.0
00631L,2021-12-01,2397936,1184,321456408,131.65,135.85,131.35,135.4,3.7,135.35,10,135.4,26,0.0
00632R,2021-12-01,145062612,6062,779683370,5.42,5.43,5.33,5.34,0.08,5.34,7988,5.35,13759,0.0
00633L,2021-12-01,4592529,492,242831200,52.75,53.25,52.4,52.75,0.0,52.75,39,52.8,751,0.0
00634R,2021-12-01,185000,29,744750,4.03,4.05,4.01,4.03,0.01,4.02,399,4.03,10,0.0
00635U,2021-12-01,686001,256,16198106,23.65,23.66,23.58,23.66,0.14,23.66,6,23.67,200,0.0
00636,2021-12-01,640180,103,15691891,24.4,24.61,24.39,24.49,0.02,24.49,1,24.51,99,0.0
00636K,2021-12-01,200,2,1768,8.84,8.84,8.84,8.84,0.01,8.77,8,8.86,8,0.0
00637L,2021-12-01,19092051,2531,401357736,20.99,21.17,20.84,20.97,0.03,20.96,98,20.97,491,0.0
00638R,2021-12-01,1168000,29,9695560,8.34,8.34,8.29,8.32,0.01,8.32,7,8.33,647,0.0
00639,2021-12-01,533425,96,8814672,16.56,16.57,16.5,16.5,0.06,16.5,3,16.51,140,0.0
00640L,2021-12-01,647000,223,18313200,27.98,28.59,27.86,28.45,0.02,28.43,6,28.45,37,0.0
00641R,2021-12-01,198030,51,2055571,10.42,10.42,10.32,10.34,0.02,10.34,98,10.36,3,0.0
00642U,2021-12-01,18741992,4058,223216303,11.84,12.05,11.75,12.04,0.26,12.03,97,12.04,479,0.0
00643,2021-12-01,94167,63,1780690,19.0,19.01,18.81,18.81,0.2,18.81,18,18.86,4,0.0
00643K,2021-12-01,0,0,0,,,,,0.0,4.34,2,4.42,1,0.0
00645,2021-12-01,400361,71,10225292,25.64,25.65,25.36,25.59,0.11,25.59,2,25.62,10,0.0
00646,2021-12-01,1063740,697,41709528,39.16,39.34,39.06,39.31,0.21,39.3,2,39.31,9,0.0
00647L,2021-12-01,175031,93,12989044,73.45,74.6,73.45,74.6,0.55,74.55,1,74.6,60,0.0
00648R,2021-12-01,3515000,167,23179360,6.62,6.63,6.57,6.58,0.02,6.57,1602,6.58,78,0.0
00650L,2021-12-01,2087285,296,43395071,20.31,21.05,20.31,20.92,0.61,20.91,6,20.93,10,0.0
00651R,2021-12-01,674000,95,5346630,8.08,8.08,7.89,7.9,0.15,7.9,109,7.92,26,0.0
00652,2021-12-01,140301,110,3980293,28.16,28.54,28.16,28.42,0.24,28.41,33,28.47,1,0.0
00653L,2021-12-01,462361,225,20162292,43.35,44.1,43.01,44.05,0.25,44.01,4,44.05,28,0.0
00654R,2021-12-01,255000,73,2150420,8.46,8.48,8.39,8.42,0.05,8.38,138,8.42,129,0.0
00655L,2021-12-01,690100,225,27498598,39.95,40.18,39.55,39.81,0.08,39.8,5,39.81,104,0.0
00656R,2021-12-01,47000,12,356810,7.59,7.61,7.59,7.61,0.0,7.59,150,7.61,279,0.0
00657,2021-12-01,13000,5,438630,33.59,33.78,33.59,33.77,0.11,33.7,30,33.76,10,0.0
00657K,2021-12-01,200,2,2430,12.15,12.15,12.15,12.15,0.18,12.13,8,12.2,8,0.0
00660,2021-12-01,2144,5,62576,29.19,29.21,29.19,29.21,0.21,29.2,1,29.26,20,0.0
00661,2021-12-01,250002,10,8874421,35.52,35.52,35.38,35.38,0.06,35.38,1,35.42,15,0.0
00662,2021-12-01,649889,479,37802157,58.0,58.4,57.9,58.4,0.15,58.35,27,58.4,44,0.0
00663L,2021-12-01,17002,13,2077692,121.5,123.35,121.5,122.95,2.0,122.7,140,122.95,149,0.0
00664R,2021-12-01,9565520,533,58224199,6.14,6.14,6.03,6.04,0.09,6.04,6848,6.05,170,0.0
00665L,2021-12-01,993000,152,14954250,14.69,15.29,14.69,15.18,0.53,15.18,10,15.19,34,0.0
00666R,2021-12-01,71020,5,930403,13.14,13.14,13.1,13.1,0.29,13.05,38,13.19,105,0.0
00668,2021-12-01,185824,125,6478665,34.95,34.95,34.7,34.93,0.23,34.92,4,34.93,10,0.0
00668K,2021-12-01,200,2,2508,12.54,12.54,12.54,12.54,0.23,12.52,8,12.61,8,0.0
00669R,2021-12-01,6757150,449,53264186,7.91,7.92,7.86,7.86,0.03,7.86,1194,7.87,95,0.0
00670L,2021-12-01,363081,156,45657527,124.75,127.55,124.65,127.45,0.5,127.3,3,127.45,21,0.0
00671R,2021-12-01,3675040,281,18039118,4.94,4.94,4.88,4.88,0.03,4.88,571,4.89,229,0.0
00673R,2021-12-01,6535759,903,98866013,15.25,15.33,14.97,14.97,0.27,14.97,55,14.98,19,0.0
00674R,2021-12-01,122000,33,1612210,13.21,13.25,13.19,13.19,0.04,13.19,349,13.22,30,0.0
00675L,2021-12-01,448368,282,23415334,51.4,53.1,51.4,52.9,1.45,52.85,4,52.9,201,0.0
00676R,2021-12-01,7269330,425,24137322,3.35,3.35,3.29,3.3,0.05,3.3,2509,3.31,701,0.0
00678,2021-12-01,224799,51,6115318,27.34,27.34,27.15,27.26,0.08,27.27,11,27.28,1,0.0
00680L,2021-12-01,425011,43,11076656,26.0,26.13,25.93,26.13,0.2,26.06,94,26.13,97,0.0
00681R,2021-12-01,133000,26,1717070,12.92,12.94,12.9,12.91,0.03,12.89,2,12.92,250,0.0
00682U,2021-12-01,144166,38,2723143,18.89,18.91,18.87,18.88,0.02,18.88,11,18.89,4,0.0
00683L,2021-12-01,664001,147,12279918,18.42,18.53,18.42,18.5,0.01,18.5,14,18.51,23,0.0
00684R,2021-12-01,0,0,0,,,,,0.0,17.86,50,17.89,36,0.0
00685L,2021-12-01,7000,7,322930,45.49,46.61,45.49,46.58,1.24,46.35,10,46.52,15,0.0
00686R,2021-12-01,349000,51,1261270,3.65,3.65,3.59,3.6,0.06,3.59,200,3.6,38,0.0
00688L,2021-12-01,20000,1,519000,25.95,25.95,25.95,25.95,0.23,25.98,50,26.04,151,0.0
00689R,2021-12-01,200000,24,2708450,13.53,13.57,13.53,13.53,0.03,13.53,14,13.54,100,0.0
00690,2021-12-01,125589,19,4145515,32.65,33.05,32.65,33.05,0.45,32.99,26,33.04,1,0.0
00692,2021-12-01,2362002,1398,81721798,34.34,34.83,34.29,34.78,0.44,34.77,67,34.78,33,0.0
00693U,2021-12-01,288350,110,5624639,19.42,19.64,19.42,19.64,0.11,19.62,1,19.64,27,0.0
00700,2021-12-01,255000,27,3880620,15.0,15.34,15.0,15.21,0.21,15.21,10,15.23,1,0.0
00701,2021-12-01,328031,200,8505761,25.75,26.09,25.75,26.07,0.27,26.06,2,26.07,5,0.0
00702,2021-12-01,105631,28,2036125,19.17,19.32,19.17,19.31,0.32,19.28,20,19.32,24,0.0
00703,2021-12-01,84000,20,1660520,19.59,19.83,19.55,19.8,0.21,19.76,2,19.79,20,0.0
00706L,2021-12-01,54150,13,800187,14.8,14.8,14.77,14.79,0.06,14.77,1,14.79,51,0.0
00707R,2021-12-01,0,0,0,,,,,0.0,20.27,41,20.32,27,0.0
00708L,2021-12-01,1604200,528,40545384,25.31,25.38,25.19,25.38,0.29,25.37,5,25.38,62,0.0
00709,2021-12-01,202006,38,4624586,22.84,23.04,22.73,23.03,0.3,23.02,2,23.03,42,0.0
00710B,2021-12-01,804649,431,14401463,17.92,17.93,17.88,17.89,0.05,17.88,144,17.89,66,0.0
00711B,2021-12-01,111000,8,2221050,19.99,20.01,19.99,20.01,0.05,20.02,1,20.03,9,0.0
00712,2021-12-01,14563860,9365,199912945,13.6,13.81,13.51,13.81,0.21,13.81,55,13.82,1,0.0
00713,2021-12-01,1401765,988,58667239,41.55,42.06,41.5,41.98,0.41,41.98,19,41.99,100,0.0
00714,2021-12-01,335019,124,7395088,22.21,22.21,21.99,22.17,0.11,22.13,52,22.17,7,0.0
00715L,2021-12-01,95199954,10854,806500434,8.5,8.63,8.22,8.61,0.32,8.61,687,8.62,1858,0.0
00717,2021-12-01,814307,418,13402156,16.51,16.51,16.44,16.46,0.07,16.45,13,16.46,38,0.0
00728,2021-12-01,170367,121,5056047,29.52,29.85,29.48,29.83,0.43,29.83,10,29.86,3,0.0
00730,2021-12-01,510099,217,9860909,19.32,19.4,19.27,19.39,0.08,19.38,8,19.39,31,0.0
00731,2021-12-01,1235744,283,71100873,57.3,57.85,57.2,57.8,0.4,57.75,5,57.8,19,0.0
00732,2021-12-01,100001,3,4012039,40.12,40.12,40.12,40.12,0.03,40.04,20,40.2,4,0.0
00733,2021-12-01,171614,232,7023304,40.95,41.27,40.6,41.27,0.3,41.24,56,41.27,13,0.0
00735,2021-12-01,103130,10,3330825,31.86,32.36,31.86,32.36,0.56,32.33,17,32.46,1,0.0
00736,2021-12-01,104004,6,2270386,21.83,21.87,21.79,21.87,0.27,21.8,20,21.89,20,0.0
00737,2021-12-01,46451,54,1552390,33.45,33.58,33.3,33.58,0.13,33.58,1,33.59,50,0.0
00738U,2021-12-01,574138,185,13298213,23.25,23.3,23.03,23.27,0.06,23.27,9,23.28,5,0.0
00739,2021-12-01,73144,20,2037089,27.7,27.95,27.7,27.92,0.11,27.81,1,27.84,50,0.0
00742,2021-12-01,113030,6,2609817,23.03,23.12,23.03,23.09,0.1,23.21,1,23.27,28,0.0
00743,2021-12-01,1202,3,35290,29.36,29.36,29.36,29.36,0.14,29.25,32,29.37,1,0.0
00752,2021-12-01,1451514,796,33046457,22.62,22.88,22.53,22.83,0.17,22.83,20,22.84,50,0.0
00753L,2021-12-01,980307,324,22640836,22.81,23.45,22.8,23.39,0.34,23.33,34,23.39,11,0.0
00757,2021-12-01,1514917,1209,80371520,52.95,53.35,52.75,53.25,0.05,53.2,24,53.25,10,0.0
00762,2021-12-01,724061,151,32982361,45.39,45.77,45.29,45.76,0.27,45.76,1,45.77,50,0.0
00763U,2021-12-01,18012,20,501431,27.68,28.1,27.68,28.03,0.07,27.99,2,28.07,1,0.0
00770,2021-12-01,217566,24,8746391,40.09,40.34,40.09,40.34,0.16,40.31,1,40.33,1,0.0
00771,2021-12-01,103427,75,1931182,18.71,18.71,18.63,18.65,0.06,18.66,1,18.67,27,0.0
00774B,2021-12-01,2000,2,80400,40.2,40.2,40.2,40.2,0.05,40.0,10,40.41,4,0.0
00774C,2021-12-01,0,0,0,,,,,0.0,9.24,5,9.34,2,0.0
00775B,2021-12-01,2000,2,84000,42.0,42.0,42.0,42.0,0.05,41.88,5,42.07,1,0.0
00783,2021-12-01,318410,21,7763327,24.35,24.39,24.34,24.34,0.08,24.34,3,24.37,1,0.0
008201,2021-12-01,0,0,0,,,,,0.0,115.4,11,116.4,14,0.0
00830,2021-12-01,634826,283,21648544,33.91,34.25,33.9,34.24,0.04,34.24,1,34.25,147,0.0
00850,2021-12-01,751298,571,25945295,34.2,34.77,34.19,34.73,0.51,34.73,8,34.75,20,0.0
00851,2021-12-01,37394,20,1366432,36.56,36.63,36.38,36.63,0.42,36.69,2,36.71,20,0.0
00852L,2021-12-01,2289000,505,47706540,20.75,20.93,20.66,20.93,0.26,20.92,14,20.93,56,0.0
00861,2021-12-01,379756,142,11618850,30.47,30.67,30.41,30.65,0.07,30.62,76,30.63,86,0.0
00865B,2021-12-01,1000,1,36460,36.46,36.46,36.46,36.46,0.0,36.45,52,36.56,43,0.0
00875,2021-12-01,776775,350,23985870,30.9,30.99,30.71,30.99,0.1,30.98,18,30.99,38,0.0
00876,2021-12-01,1390248,250,45079906,32.19,32.52,32.13,32.52,0.15,32.5,2,32.52,38,0.0
00878,2021-12-01,7733286,3745,142772488,18.36,18.57,18.34,18.55,0.13,18.54,120,18.55,95,0.0
00881,2021-12-01,21346899,5121,387120526,17.92,18.27,17.92,18.23,0.28,18.23,496,18.24,186,0.0
00882,2021-12-01,6315207,1980,86336573,13.56,13.76,13.55,13.75,0.15,13.74,20,13.75,35,0.0
00885,2021-12-01,7151124,2339,127021954,17.78,17.84,17.71,17.79,0.11,17.78,74,17.79,14,0.0
00891,2021-12-01,9983455,2712,166964688,16.51,16.88,16.51,16.85,0.36,16.84,109,16.85,101,0.0
00892,2021-12-01,6261061,1398,103742096,16.51,16.71,16.46,16.67,0.16,16.66,20,16.67,63,0.0
00893,2021-12-01,11431522,2991,205397822,17.84,18.03,17.83,18.0,0.12,18.0,106,18.01,192,0.0
00894,2021-12-01,1899157,531,29618254,15.53,15.7,15.52,15.66,0.13,15.66,15,15.67,50,0.0
00895,2021-12-01,7098048,1957,134077746,18.8,18.97,18.76,18.94,0.04,18.93,50,18.94,70,0.0
00896,2021-12-01,5583558,1528,83085194,14.79,15.0,14.79,14.98,0.14,14.97,82,14.98,7,0.0
00897,2021-12-01,2876245,494,40104584,13.89,13.98,13.88,13.97,0.06,13.97,47,13.98,152,0.0
00898,2021-12-01,4197843,894,41229067,9.83,9.85,9.77,9.84,0.01,9.84,34,9.85,230,0.0
01001T,2021-12-01,3000,3,53190,17.73,17.73,17.73,17.73,0.01,17.73,30,17.8,3,0.0
01002T,2021-12-01,150000,41,2700370,17.99,18.03,17.99,18.01,0.02,18.0,56,18.02,1,0.0
01003T,2021-12-01,0,0,0,,,,,0.0,19.65,1,19.92,1,0.0
01004T,2021-12-01,1006,2,15795,15.7,15.7,15.7,15.7,0.01,15.56,2,15.7,1,0.0
01007T,2021-12-01,63000,28,1241540,19.78,19.78,19.68,19.78,0.0,19.78,3,19.8,5,0.0
01009T,2021-12-01,95000,7,863950,9.08,9.1,9.08,9.09,0.0,9.08,10,9.1,8,0.0
01010T,2021-12-01,8000,4,82370,10.29,10.3,10.29,10.29,0.0,10.25,4,10.3,10,0.0
020000,2021-12-01,4000,3,27820,6.93,6.99,6.93,6.99,0.04,6.99,10,7.0,12,0.0
020002,2021-12-01,0,0,0,,,,,0.0,15.78,499,15.8,355,0.0
020004,2021-12-01,0,0,0,,,,,0.0,33.11,499,33.12,499,0.0
020006,2021-12-01,0,0,0,,,,,0.0,35.09,100,35.1,100,0.0
020007,2021-12-01,0,0,0,,,,,0.0,34.91,212,34.96,208,0.0
020008,2021-12-01,48000,6,607880,12.65,12.75,12.65,12.75,0.07,12.74,100,12.75,100,0.0
020011,2021-12-01,1000,1,6760,6.76,6.76,6.76,6.76,0.03,6.83,495,6.84,287,0.0
020012,2021-12-01,1000,1,6480,6.48,6.48,6.48,6.48,0.0,6.51,100,6.52,100,0.0
020015,2021-12-01,0,0,0,,,,,0.0,15.25,498,15.27,286,0.0
020016,2021-12-01,6000,2,131480,21.73,21.95,21.73,21.95,0.02,21.94,493,21.96,286,0.0
020018,2021-12-01,104000,9,1921800,18.32,18.56,18.32,18.56,0.19,18.56,485,18.58,280,0.0
020019,2021-12-01,15000,10,225670,14.9,15.16,14.9,15.16,0.28,15.17,499,15.18,1,0.0
02001L,2021-12-01,91000,4,940060,10.26,10.38,10.26,10.36,0.12,10.36,9,10.37,10,0.0
02001R,2021-12-01,160000,1,489600,3.06,3.06,3.06,3.06,0.02,3.05,10,3.06,10,0.0
020020,2021-12-01,544000,125,4014090,7.21,7.44,7.21,7.44,0.16,7.43,101,7.44,127,0.0
020022,2021-12-01,640000,130,3459600,5.41,5.43,5.38,5.42,0.01,5.42,94,5.43,121,0.0
020028,2021-12-01,1030000,142,5375700,5.22,5.24,5.18,5.24,0.01,5.23,503,5.24,505,0.0
020029,2021-12-01,1337000,185,7073910,5.2,5.35,5.2,5.34,0.13,5.34,506,5.35,502,0.0
020030,2021-12-01,11700000,508,59112000,5.04,5.09,5.01,5.08,0.06,5.08,414,5.09,407,0.0
1101,2021-12-01,16232661,9636,753290210,46.0,46.85,46.0,46.6,0.6,46.6,77,46.7,15,13.67
1101B,2021-12-01,6080,10,317566,52.2,52.3,52.2,52.3,0.0,51.9,2,52.2,10,0.0
1102,2021-12-01,10842685,6352,457555765,42.1,42.7,42.05,42.35,0.35,42.3,34,42.35,6,9.71
1103,2021-12-01,375339,279,7705967,20.5,20.65,20.4,20.6,0.15,20.6,3,20.65,11,7.25
1104,2021-12-01,772029,509,16445352,21.0,21.5,20.9,21.45,0.45,21.4,3,21.45,1,12.69
1108,2021-12-01,183009,100,2101324,11.4,11.6,11.4,11.5,0.1,11.5,3,11.55,2,19.83
1109,2021-12-01,154526,102,3099245,19.9,20.15,19.9,20.15,0.15,20.1,2,20.15,7,7.12
1110,2021-12-01,611437,266,12057495,19.65,20.05,19.6,19.8,0.15,19.75,10,19.85,9,82.5
1201,2021-12-01,382923,234,8479769,22.2,22.25,22.0,22.2,0.1,22.15,16,22.25,43,18.81
1203,2021-12-01,16446,51,542501,33.0,33.2,32.75,32.75,0.25,32.75,3,33.15,1,17.9
1210,2021-12-01,692101,981,36077197,52.0,52.3,51.8,52.2,0.2,52.1,44,52.2,7,18.19
1213,2021-12-01,12538,12,103940,8.59,8.59,8.2,8.2,0.21,8.21,2,8.47,2,0.0
1215,2021-12-01,474867,633,38029627,80.5,80.5,79.7,80.2,0.7,80.2,5,80.3,4,14.5
1216,2021-12-01,8889286,4727,595763220,66.1,67.5,66.0,67.1,1.7,67.1,61,67.2,81,19.01
1217,2021-12-01,500920,283,5159837,10.25,10.35,10.25,10.3,0.0,10.25,162,10.3,4,20.2
1218,2021-12-01,134650,165,3613987,26.65,27.0,26.6,27.0,0.25,26.95,2,27.0,6,21.95
1219,2021-12-01,193471,109,3953719,20.3,20.55,20.3,20.5,0.0,20.45,8,20.5,16,16.67
1220,2021-12-01,140025,78,2141933,15.3,15.4,15.15,15.4,0.1,15.35,2,15.4,4,13.28
1225,2021-12-01,44208,38,2231486,49.85,50.9,49.85,50.9,0.6,50.7,1,50.8,3,23.24
1227,2021-12-01,392649,430,20140774,51.1,51.5,51.1,51.2,0.2,51.2,54,51.4,4,17.59
1229,2021-12-01,1237791,1265,70757728,57.3,57.5,56.8,57.5,0.0,57.4,23,57.5,41,16.34
1231,2021-12-01,103136,220,7008327,67.9,68.2,67.8,67.9,0.1,67.8,10,68.0,13,17.23
1232,2021-12-01,38029,148,6158604,160.5,163.5,160.5,163.0,2.5,162.5,2,163.0,2,19.78
1233,2021-12-01,13003,14,439799,34.0,34.0,33.65,33.65,0.0,33.85,1,34.0,3,73.15
1234,2021-12-01,186869,120,6514508,34.7,35.2,34.65,35.2,0.4,34.85,4,35.2,3,20.0
1235,2021-12-01,65849,44,2911931,44.3,45.15,44.05,44.15,0.35,44.1,2,44.15,9,61.32
1236,2021-12-01,724909,523,15847139,21.7,22.35,21.35,21.45,0.3,21.45,7,21.5,24,0.0
1256,2021-12-01,34189,903,12181153,357.0,357.0,354.5,354.5,2.0,355.5,1,356.5,5,13.95
1301,2021-12-01,4446629,2226,459358510,102.0,104.0,102.0,104.0,1.5,103.5,139,104.0,276,10.16
1303,2021-12-01,4413764,2481,366955926,82.0,83.8,82.0,83.5,1.0,83.5,48,83.6,72,8.72
1304,2021-12-01,7312401,3398,230991470,31.3,31.95,31.1,31.95,0.55,31.9,42,31.95,188,6.99
1305,2021-12-01,3716213,2175,125908579,33.6,34.3,33.2,34.2,0.3,34.15,27,34.2,32,6.88
1307,2021-12-01,76131,45,1556227,20.4,20.6,20.4,20.5,0.05,20.5,1,20.55,1,42.71
1308,2021-12-01,7608906,3454,282762620,36.5,37.7,36.15,37.6,1.1,37.55,8,37.6,140,8.26
1309,2021-12-01,1005710,790,33909919,33.65,33.95,33.45,33.9,0.05,33.85,12,33.9,14,5.85
1310,2021-12-01,2501437,1192,43196034,17.0,17.45,16.95,17.35,0.4,17.35,21,17.4,5,11.64
1312,2021-12-01,15688145,6381,449275029,28.5,28.95,28.35,28.7,0.05,28.7,86,28.75,36,3.78
1312A,2021-12-01,52000,8,1820000,35.0,35.0,35.0,35.0,0.0,34.95,3,35.1,8,0.0
1313,2021-12-01,3289485,1554,69367855,21.2,21.35,20.85,21.25,0.05,21.2,153,21.25,7,6.48
1314,2021-12-01,19493318,4319,246864971,12.65,12.8,12.5,12.75,0.05,12.75,209,12.8,725,10.45
1315,2021-12-01,128253,116,8489694,66.2,67.5,65.5,66.4,0.9,66.4,2,67.2,6,154.42
1316,2021-12-01,9876233,3848,216178151,21.65,22.25,21.5,22.15,0.25,22.15,9,22.2,159,0.0
1319,2021-12-01,527096,408,17322023,32.55,33.15,32.55,33.15,0.45,33.0,54,33.15,10,28.33
1321,2021-12-01,251812,114,8861770,35.15,35.45,35.0,35.0,0.1,35.0,30,35.05,10,16.28
1323,2021-12-01,100215,84,3494111,34.8,35.0,34.8,34.95,0.2,34.9,1,34.95,12,11.31
1324,2021-12-01,29199,28,318862,10.9,11.0,10.9,11.0,0.15,10.95,1,11.0,18,0.0
1325,2021-12-01,4407892,2972,206484294,47.5,48.0,45.65,46.7,2.65,46.6,3,46.7,7,4.84
1326,2021-12-01,2298554,1672,181518774,78.1,79.5,78.1,79.4,1.3,79.3,22,79.4,13,10.42
1337,2021-12-01,397403,258,2831689,7.05,7.17,7.05,7.14,0.09,7.13,3,7.14,17,0.0
1338,2021-12-01,134437,118,6847498,50.5,51.5,50.4,51.4,0.6,51.3,3,51.4,2,10.47
1339,2021-12-01,21938,58,746742,34.05,34.1,33.9,34.05,0.0,33.9,6,34.05,1,23.48
1340,2021-12-01,70834,89,796414,11.4,11.4,11.2,11.25,0.1,11.2,3,11.25,8,0.0
1341,2021-12-01,7006,11,469094,67.3,67.4,66.8,66.8,0.0,67.1,1,67.9,1,10.05
1342,2021-12-01,24019,23,1331167,55.9,55.9,55.2,55.7,0.1,55.5,3,55.8,2,17.41
1402,2021-12-01,8343896,3628,234293567,27.85,28.35,27.75,28.3,0.4,28.25,71,28.3,28,15.3
1409,2021-12-01,2106874,786,41152236,19.4,19.7,19.35,19.65,0.25,19.6,40,19.65,29,8.66
1410,2021-12-01,49001,36,1811337,36.65,37.2,36.65,37.1,0.15,36.9,10,37.1,1,29.92
1413,2021-12-01,75857,36,759577,10.0,10.05,9.99,10.0,0.05,10.0,29,10.05,1,34.48
1414,2021-12-01,4725234,2078,88332455,18.9,19.2,18.3,18.7,0.7,18.7,58,18.75,8,34.0
1416,2021-12-01,151334,96,1684268,11.05,11.2,11.0,11.15,0.05,11.15,6,11.2,7,0.0
1417,2021-12-01,311658,166,4403983,14.3,14.3,14.0,14.2,0.1,14.15,15,14.25,6,12.68
1418,2021-12-01,3001,4,32311,10.45,11.4,10.45,11.4,0.1,10.45,3,11.45,4,0.0
1419,2021-12-01,128080,86,5569936,43.0,43.8,43.0,43.8,0.4,43.8,5,43.9,6,26.87
1423,2021-12-01,77559,50,1508004,19.3,19.6,19.25,19.6,0.05,19.55,1,19.6,12,4.47
1432,2021-12-01,121644,82,1570105,12.9,12.95,12.75,12.9,0.0,12.85,7,12.9,5,0.0
1434,2021-12-01,1320977,924,38174803,28.9,29.15,28.75,29.0,0.1,29.0,5,29.05,13,23.39
1435,2021-12-01,82165,53,2239198,27.0,27.5,27.0,27.15,0.15,27.2,2,27.5,3,0.0
1436,2021-12-01,38914,90,2095840,53.8,54.0,53.7,53.8,0.0,53.7,2,53.8,3,11.14
1437,2021-12-01,83709,38,2124173,25.35,25.4,25.3,25.4,0.05,25.35,6,25.4,2,11.29
1438,2021-12-01,877690,613,26264021,31.0,31.0,29.55,30.15,0.85,30.1,2,30.15,1,301.5
1439,2021-12-01,9072,15,214105,23.35,23.75,23.35,23.7,0.15,23.55,3,23.65,2,0.0
1440,2021-12-01,5847473,2242,133497712,22.95,23.0,22.6,22.9,0.05,22.9,86,22.95,116,11.62
1441,2021-12-01,54670,39,506595,9.25,9.3,9.23,9.29,0.04,9.28,3,9.29,3,0.0
1442,2021-12-01,849311,341,20001382,23.65,23.9,23.35,23.7,0.15,23.5,2,23.7,10,15.91
1443,2021-12-01,14838,21,245726,16.8,16.8,16.4,16.8,0.0,16.5,2,16.8,4,40.98
1444,2021-12-01,5455650,1501,60443089,10.95,11.25,10.9,11.0,0.1,11.0,299,11.05,9,42.31
1445,2021-12-01,351764,135,5512033,15.7,15.75,15.65,15.65,0.15,15.65,123,15.7,6,0.0
1446,2021-12-01,97016,70,3339945,34.25,34.7,34.2,34.2,0.05,34.2,2,34.6,8,0.0
1447,2021-12-01,1073376,390,10829096,10.05,10.15,10.0,10.1,0.05,10.1,2,10.15,105,27.3
1449,2021-12-01,61775,38,931144,14.9,15.5,14.9,15.1,0.0,15.1,3,15.2,1,10.79
1451,2021-12-01,125731,96,2575447,20.6,20.6,20.3,20.45,0.2,20.45,19,20.55,2,23.78
1452,2021-12-01,207483,142,4802878,23.2,23.25,23.0,23.25,0.1,23.2,9,23.25,2,8.68
1453,2021-12-01,63266,53,553666,8.68,8.85,8.68,8.75,0.08,8.73,2,8.75,2,0.0
1454,2021-12-01,86029,49,954367,11.1,11.2,10.9,11.15,0.05,11.1,5,11.15,3,111.5
1455,2021-12-01,2459492,914,39564702,15.9,16.25,15.85,16.15,0.05,16.15,45,16.2,46,7.62
1456,2021-12-01,92131,70,1898467,20.85,20.85,20.1,20.8,0.05,20.8,4,20.85,2,4.47
1457,2021-12-01,656810,295,11840476,17.85,18.15,17.8,18.0,0.1,18.0,249,18.05,8,23.08
1459,2021-12-01,285769,147,3796299,13.25,13.4,13.1,13.2,0.1,13.2,10,13.25,2,6.03
1460,2021-12-01,691654,441,6505096,9.35,9.46,9.35,9.44,0.01,9.43,32,9.44,3,0.0
1463,2021-12-01,1543886,347,23078233,14.55,15.2,14.55,15.05,0.5,15.0,2,15.05,10,43.0
1464,2021-12-01,236619,268,3607131,15.2,15.5,15.05,15.5,0.3,15.45,2,15.5,3,91.18
1465,2021-12-01,23731,85,293709,12.4,12.4,12.35,12.4,0.05,12.35,23,12.4,9,0.0
1466,2021-12-01,114462,79,1750527,15.15,15.5,15.15,15.35,0.05,15.35,4,15.4,1,9.42
1467,2021-12-01,1264883,382,17602839,13.9,14.1,13.7,13.85,0.05,13.85,32,14.0,12,692.5
1468,2021-12-01,49170,36,640375,13.05,13.15,12.9,13.1,0.05,12.9,4,13.1,2,218.33
1470,2021-12-01,95011,12,1727947,18.3,18.5,17.9,18.0,0.1,18.1,1,18.25,1,23.08
1471,2021-12-01,508526,242,3816638,7.57,7.59,7.42,7.52,0.1,7.52,4,7.57,30,44.24
1472,2021-12-01,3593,7,118264,33.35,33.35,33.0,33.0,0.6,33.05,1,34.0,1,0.0
1473,2021-12-01,28573,67,510066,17.85,17.9,17.8,17.85,0.0,17.8,3,17.85,3,0.0
1474,2021-12-01,401318,157,6013571,15.05,15.1,14.9,15.1,0.05,15.05,12,15.1,55,10.71
1475,2021-12-01,7242,12,346559,47.9,47.9,47.85,47.9,0.1,47.9,1,48.5,1,68.43
1476,2021-12-01,1324868,1409,771151237,580.0,591.0,574.0,585.0,4.0,585.0,11,586.0,20,29.5
1477,2021-12-01,565722,1010,132061430,233.0,236.5,231.0,233.5,0.5,233.5,2,234.0,2,22.91
1503,2021-12-01,84842,122,4538984,52.9,54.3,52.5,54.0,1.1,53.5,2,54.3,5,16.51
1504,2021-12-01,2913947,1506,88200972,30.35,30.4,30.15,30.2,0.65,30.2,301,30.25,2,13.02
1506,2021-12-01,4372904,1475,56246406,12.3,13.1,12.15,13.05,1.1,13.0,11,13.05,49,0.0
1507,2021-12-01,350248,236,22570954,64.4,64.5,64.4,64.5,0.0,64.4,2481,64.5,56,25.39
1512,2021-12-01,43009,22,160927,3.75,3.75,3.7,3.7,0.05,3.7,6,3.75,17,0.0
1513,2021-12-01,1426615,1101,64463367,44.65,45.45,44.6,45.15,0.3,45.15,35,45.2,6,9.61
1514,2021-12-01,222737,162,5243670,23.5,23.6,23.4,23.6,0.0,23.55,20,23.6,18,15.53
1515,2021-12-01,904788,714,57152981,64.0,64.0,62.8,63.1,0.9,63.0,57,63.1,1,9.94
1516,2021-12-01,223434,123,5330474,23.9,24.1,23.5,23.95,0.25,23.85,10,23.95,3,23.48
1517,2021-12-01,1250973,758,34401554,27.65,27.8,27.15,27.3,0.3,27.3,21,27.45,16,13.32
1519,2021-12-01,288417,257,10197182,35.65,35.65,35.2,35.4,0.5,35.35,7,35.4,16,33.71
1521,2021-12-01,42000,40,1740750,41.7,41.7,41.3,41.65,0.15,41.65,3,41.7,15,25.09
1522,2021-12-01,118178,75,2268264,19.1,19.25,19.1,19.25,0.2,19.25,6,19.3,9,35.0
1522A,2021-12-01,7143,8,313484,43.85,43.9,43.85,43.9,0.05,43.85,1,44.6,5,0.0
1524,2021-12-01,138817,67,1391019,10.05,10.1,9.95,10.1,0.0,10.05,3,10.1,11,32.58
1525,2021-12-01,21001,21,1241359,59.3,59.3,59.0,59.0,0.3,59.0,3,59.2,1,13.14
1526,2021-12-01,135443,157,6635007,49.0,49.2,48.6,49.2,0.1,49.2,1,49.3,12,13.48
1527,2021-12-01,168958,164,7083200,41.85,42.2,41.7,42.0,0.15,42.0,3,42.1,6,12.32
1528,2021-12-01,1162231,422,12795353,10.9,11.15,10.85,11.1,0.3,11.05,47,11.1,38,12.07
1529,2021-12-01,3727278,1483,71297290,18.55,19.6,18.35,19.2,0.7,19.15,3,19.2,8,25.26
1530,2021-12-01,11000,6,354700,32.1,32.7,32.1,32.7,0.45,32.2,12,32.75,1,27.95
1531,2021-12-01,99368,52,1522605,15.3,15.4,15.15,15.35,0.1,15.3,38,15.35,6,20.2
1532,2021-12-01,374345,221,12115642,32.0,32.65,32.0,32.5,0.4,32.45,8,32.5,6,12.85
1533,2021-12-01,158913,125,9114536,58.0,58.0,56.6,57.6,0.1,57.5,2,57.6,1,39.72
1535,2021-12-01,29500,14,1159150,39.25,39.35,39.2,39.35,0.0,39.35,1,39.5,5,13.03
1536,2021-12-01,305837,398,28152108,92.0,92.7,91.1,92.5,0.3,92.5,1,92.6,8,57.45
1537,2021-12-01,117968,116,16352403,137.5,139.0,137.5,138.5,1.0,138.0,14,139.0,7,15.92
1538,2021-12-01,2250,4,24312,10.85,10.85,10.85,10.85,0.0,10.35,1,10.85,3,0.0
1539,2021-12-01,64000,50,1246500,19.6,19.7,19.3,19.5,0.05,19.45,1,19.5,3,26.71
1540,2021-12-01,71455,43,1051004,14.75,14.8,14.65,14.7,0.05,14.7,1,14.75,5,81.67
1541,2021-12-01,6000,3,258000,43.0,43.0,43.0,43.0,0.05,43.0,2,43.25,2,10.19
1558,2021-12-01,50149,96,7224150,144.5,144.5,143.5,143.5,1.0,144.0,5,144.5,3,11.37
1560,2021-12-01,1633133,1159,143811112,87.5,89.1,86.8,88.5,0.4,88.5,5,88.6,2,22.12
1568,2021-12-01,78000,59,1656900,21.15,21.4,21.15,21.2,0.1,21.2,1,21.25,1,265.0
1582,2021-12-01,197233,250,13540916,68.4,69.2,68.0,68.8,0.3,68.7,5,68.9,3,19.71
1583,2021-12-01,7003,4,436284,62.3,62.3,62.3,62.3,0.8,61.3,2,62.2,1,20.91
1587,2021-12-01,137312,66,3483667,25.3,25.9,25.2,25.9,0.5,25.5,2,25.9,1,14.72
1589,2021-12-01,162153,124,9884263,60.8,61.4,60.7,61.1,0.0,61.1,3,61.3,19,12.89
1590,2021-12-01,485315,643,414220556,846.0,862.0,845.0,853.0,2.0,853.0,4,854.0,7,25.13
1597,2021-12-01,55942,135,4843603,86.2,87.0,86.1,86.9,0.5,86.8,2,86.9,2,22.99
1598,2021-12-01,693049,571,41685383,61.2,61.2,59.8,60.1,1.2,60.1,1,60.3,10,6.81
1603,2021-12-01,160479,107,4236942,26.5,26.65,26.25,26.4,0.1,26.4,4,26.45,2,17.25
1604,2021-12-01,271381,323,7971813,29.3,29.5,29.25,29.35,0.05,29.35,12,29.4,4,6.34
1605,2021-12-01,4419483,2288,115885965,25.9,26.5,25.8,26.35,0.25,26.35,96,26.4,86,7.62
1608,2021-12-01,1023416,536,22043654,21.55,21.7,21.3,21.7,0.15,21.65,3,21.7,9,5.99
1609,2021-12-01,2280794,1368,55417824,24.3,24.4,24.2,24.35,0.1,24.3,218,24.35,8,13.91
1611,2021-12-01,29125098,9484,440507187,14.0,15.5,13.8,15.05,0.95,15.05,10,15.1,183,107.5
1612,2021-12-01,1318868,624,33041875,25.3,25.3,24.9,25.2,0.1,25.2,7,25.25,49,12.6
1614,2021-12-01,73331,42,2649936,35.9,36.5,35.9,36.3,0.0,36.3,1,36.45,2,28.36
1615,2021-12-01,71520,45,2334680,32.85,33.3,32.45,32.45,0.0,32.45,16,32.6,3,10.47
1616,2021-12-01,5983782,2127,62948594,9.6,10.6,9.42,10.6,0.95,10.6,3954,,0,32.12
1617,2021-12-01,169760,101,3029924,17.35,18.0,17.35,17.9,0.25,17.9,27,17.95,2,12.97
1618,2021-12-01,177314,136,2509031,14.05,14.3,13.95,14.2,0.1,14.2,4,14.25,3,13.15
1626,2021-12-01,27235,28,528371,19.5,19.6,19.35,19.4,0.05,19.35,1,19.5,3,0.0
1701,2021-12-01,113709,97,2558227,22.55,22.55,22.45,22.55,0.05,22.5,20,22.55,32,14.64
1702,2021-12-01,264711,255,12980122,49.4,49.4,48.85,49.05,0.0,49.05,3,49.15,10,11.02
1707,2021-12-01,48351,90,7810494,162.0,162.5,161.0,162.5,1.5,162.0,1,162.5,7,18.79
1708,2021-12-01,3848585,2681,135400975,35.3,35.55,34.75,35.4,0.1,35.35,34,35.4,25,21.85
1709,2021-12-01,1727527,865,40568596,23.25,23.75,23.0,23.5,0.15,23.5,6,23.55,6,11.63
1710,2021-12-01,2750625,1329,62281572,22.7,22.9,22.4,22.8,0.1,22.75,41,22.8,32,55.61
1711,2021-12-01,19356030,8906,509186480,25.75,26.8,25.75,26.45,0.8,26.4,38,26.45,83,30.06
1712,2021-12-01,967783,673,27553469,28.2,28.7,28.2,28.55,0.05,28.5,3,28.55,15,14.13
1713,2021-12-01,74004,49,1775198,24.0,24.2,23.85,23.95,0.3,23.9,13,23.95,1,21.38
1714,2021-12-01,3043687,856,34244619,11.1,11.4,11.1,11.25,0.05,11.25,78,11.3,155,21.63
1717,2021-12-01,1563692,1032,56396537,36.05,36.3,35.85,36.25,0.2,36.2,28,36.25,23,12.25
1718,2021-12-01,6929876,2229,69595660,10.1,10.1,9.95,10.1,0.05,10.05,415,10.1,309,0.0
1720,2021-12-01,151259,141,6015606,39.75,39.85,39.65,39.8,0.1,39.8,4,39.85,9,10.26
1721,2021-12-01,54830986,20352,1612302153,28.5,30.45,28.1,30.45,2.75,30.45,66730,,0,0.0
1722,2021-12-01,1660377,1120,113068779,68.0,68.6,67.7,68.6,0.3,68.6,6,68.7,48,25.31
1723,2021-12-01,452619,415,51498228,115.0,115.0,113.0,114.0,1.0,114.0,5,114.5,26,24.89
1725,2021-12-01,1237565,838,46265587,36.65,38.0,35.85,37.8,1.15,37.8,3,37.85,2,19.79
1726,2021-12-01,30044,30,2194940,73.0,73.4,73.0,73.3,0.3,73.0,6,73.1,1,12.68
1727,2021-12-01,26458815,14374,1389678527,49.7,53.8,49.7,53.4,2.4,53.3,3,53.4,37,36.58
1730,2021-12-01,29860,42,1902590,64.0,64.1,63.4,63.7,0.1,63.5,11,63.7,1,16.33
1731,2021-12-01,268457,181,5108692,19.1,19.15,18.95,18.95,0.15,18.95,27,19.1,7,15.41
1732,2021-12-01,5670102,3525,180693853,32.7,33.0,30.2,30.6,0.4,30.6,15,30.65,2,43.71
1733,2021-12-01,144009,106,3428961,23.6,23.9,23.6,23.9,0.25,23.85,3,23.9,14,15.52
1734,2021-12-01,864437,599,24944325,28.75,29.1,28.75,28.85,0.1,28.8,83,28.85,1,0.0
1735,2021-12-01,3000,3,54150,18.05,18.1,18.0,18.1,0.05,18.0,1,18.05,1,29.19
1736,2021-12-01,335739,282,19712357,58.6,59.6,58.2,58.6,1.3,58.6,2,58.8,6,344.71
1737,2021-12-01,355547,205,11802534,33.2,33.25,33.15,33.2,0.05,33.2,7,33.25,33,15.37
1760,2021-12-01,1309745,1019,92663771,71.0,73.0,69.6,70.0,0.3,70.0,7,70.1,2,40.7
1762,2021-12-01,667819,523,43441796,64.1,66.1,63.7,65.3,1.5,65.2,4,65.3,10,12.41
1773,2021-12-01,217344,239,29996662,138.0,139.0,137.5,138.0,0.5,137.5,21,138.0,1,18.06
1776,2021-12-01,137033,75,3001673,21.7,22.2,21.55,21.95,0.15,21.95,3,22.0,5,8.89
1783,2021-12-01,1050004,717,62879976,58.6,61.3,58.2,60.6,1.7,60.6,8,60.7,7,49.67
1786,2021-12-01,79140,58,3987885,50.4,50.7,50.0,50.4,0.0,50.4,2,50.6,1,27.54
1789,2021-12-01,524043,340,12552011,23.95,24.1,23.8,23.95,0.15,23.95,1,24.0,1,95.8
1795,2021-12-01,1962653,1391,217915545,111.5,112.5,109.5,112.5,1.0,112.0,15,112.5,44,20.09
1802,2021-12-01,5846121,2717,155912776,26.4,26.9,26.25,26.85,0.15,26.8,180,26.85,53,7.38
1805,2021-12-01,15918,19,217308,13.65,13.7,13.65,13.7,0.05,13.6,5,13.7,4,0.0
1806,2021-12-01,415369,186,4698931,11.25,11.45,11.25,11.4,0.05,11.4,12,11.45,13,4.65
1808,2021-12-01,96603,90,5737418,58.9,59.7,58.9,59.7,0.8,59.6,1,59.7,13,18.83
1809,2021-12-01,330797,182,4595477,13.8,14.0,13.7,13.85,0.0,13.85,35,13.95,2,461.67
1810,2021-12-01,1824578,563,29322860,15.95,16.5,15.7,16.35,0.4,16.35,23,16.4,60,5.21
1817,2021-12-01,14050,9,512479,36.3,36.6,36.3,36.6,0.0,36.4,1,36.5,1,11.92
1903,2021-12-01,1528839,1258,101349626,68.1,68.3,65.5,65.8,2.1,65.8,27,65.9,1,226.9
1904,2021-12-01,1693453,923,57558129,33.9,34.2,33.5,34.05,0.05,34.05,40,34.1,33,8.82
1905,2021-12-01,4630488,2762,109258687,23.85,23.85,23.4,23.55,0.5,23.55,66,23.6,104,37.98
1906,2021-12-01,112043,79,2226773,19.8,20.1,19.75,20.1,0.2,20.05,2,20.1,7,19.33
1907,2021-12-01,3465008,1859,119749565,34.4,34.9,33.9,34.65,0.1,34.65,30,34.7,110,10.19
1909,2021-12-01,6747817,3066,161289792,23.7,24.15,23.7,24.1,0.05,24.05,48,24.1,132,12.75
2002,2021-12-01,23981590,9724,791264094,32.5,33.2,32.5,33.1,0.55,33.05,346,33.1,50,10.15
2002A,2021-12-01,17744,17,923106,52.3,52.3,51.9,52.3,0.0,52.1,10,52.2,7,0.0
2007,2021-12-01,1064953,696,22314122,20.9,21.15,20.75,20.95,0.05,20.95,40,21.05,10,0.0
2008,2021-12-01,84523,56,1632827,19.2,19.4,19.2,19.2,0.05,19.2,19,19.4,2,96.0
2009,2021-12-01,2259002,1260,96909928,43.4,43.4,42.7,43.0,0.4,42.95,10,43.1,19,33.08
2010,2021-12-01,1121292,629,24727132,21.9,22.2,21.7,22.1,0.05,22.1,21,22.2,42,11.82
2012,2021-12-01,168456,141,4993885,29.45,29.95,29.25,29.8,0.15,29.8,1,29.9,4,11.69
2013,2021-12-01,1095651,771,59990130,54.2,55.7,53.9,54.7,0.2,54.7,56,54.8,2,22.06
2014,2021-12-01,14844840,5797,519357032,34.25,35.4,34.25,35.4,0.3,35.35,10,35.4,93,8.18
2015,2021-12-01,186679,200,14719424,77.5,79.6,77.5,79.0,1.6,78.7,6,79.0,1,13.04
2017,2021-12-01,772511,418,15372046,19.8,20.1,19.6,20.0,0.15,20.0,1,20.05,8,10.7
2020,2021-12-01,638505,415,20242762,31.4,31.95,31.2,31.9,0.5,31.9,19,31.95,19,8.96
2022,2021-12-01,1906933,962,26333469,13.85,13.95,13.7,13.8,0.0,13.8,3,13.85,45,16.63
2023,2021-12-01,6417189,2869,153134454,23.5,24.15,23.5,23.85,0.0,23.85,64,23.9,15,9.98
2024,2021-12-01,82552,77,1653499,19.85,20.2,19.85,19.9,0.05,19.9,11,19.95,2,14.21
2025,2021-12-01,407200,100,2162580,5.19,5.5,5.19,5.5,0.25,5.3,1,5.5,2,10.0
2027,2021-12-01,13822700,6698,638363282,45.6,46.6,45.55,46.2,0.15,46.15,53,46.2,40,10.09
2028,2021-12-01,1461563,927,58654625,39.6,40.7,39.1,40.55,0.55,40.55,30,40.6,8,8.82
2029,2021-12-01,1451774,604,46284872,31.75,32.25,31.65,32.05,0.1,32.05,7,32.1,2,8.93
2030,2021-12-01,3864198,1775,117373303,30.1,30.7,29.8,30.55,0.05,30.5,3,30.55,9,9.82
2031,2021-12-01,1024099,784,58268593,56.8,57.4,56.5,57.0,0.3,57.0,15,57.1,5,7.96
2032,2021-12-01,352265,206,8255203,23.5,23.6,23.1,23.45,0.05,23.45,2,23.5,2,16.63
2033,2021-12-01,166383,125,2849129,17.0,17.3,16.8,17.15,0.05,17.15,19,17.2,8,65.96
2034,2021-12-01,849161,605,26770645,31.4,31.7,31.2,31.55,0.15,31.5,12,31.55,11,17.93
2038,2021-12-01,2285906,1324,78246364,33.95,34.8,33.8,34.4,0.1,34.35,8,34.4,1,16.0
2049,2021-12-01,860492,905,243073651,281.0,284.0,280.0,283.5,2.0,283.0,1,283.5,2,27.55
2059,2021-12-01,242218,333,117078774,481.5,487.5,473.0,485.5,4.0,485.0,1,486.0,1,27.34
2062,2021-12-01,157704,109,4309091,27.05,27.45,27.05,27.35,0.35,27.3,6,27.35,1,13.21
2069,2021-12-01,1523231,1052,54202378,35.0,36.1,35.0,35.7,0.15,35.7,11,35.75,10,9.27
2101,2021-12-01,1618860,861,62013111,38.5,38.6,38.0,38.6,0.0,38.45,13,38.6,5,68.93
2102,2021-12-01,476631,336,12550713,26.0,26.6,25.95,26.5,0.35,26.4,2,26.5,5,0.0
2103,2021-12-01,2600913,1094,84375887,32.45,32.75,32.15,32.7,0.05,32.7,22,32.75,41,7.48
2104,2021-12-01,2401600,1000,61899429,25.55,25.95,25.4,25.7,0.1,25.65,138,25.7,9,13.39
2105,2021-12-01,6774172,3454,227695337,33.6,34.0,33.45,33.65,0.15,33.65,14,33.7,20,14.5
2106,2021-12-01,895012,494,26476078,29.5,29.95,29.4,29.85,0.3,29.8,23,29.85,4,16.14
2107,2021-12-01,208770,169,4702524,22.5,22.65,22.35,22.55,0.05,22.5,31,22.6,4,11.45
2108,2021-12-01,4849453,3614,417776582,86.9,87.7,84.8,85.1,0.3,85.0,99,85.1,1,4.85
2109,2021-12-01,96120,94,1592269,16.5,16.7,16.45,16.6,0.0,16.55,1,16.6,3,10.57
2114,2021-12-01,43426,55,5108384,117.5,118.0,117.0,118.0,1.0,117.0,13,118.0,5,8.83
2115,2021-12-01,130850,69,5138423,39.4,39.6,39.05,39.55,0.05,39.5,3,39.55,1,9.44
2201,2021-12-01,2199916,1524,90910887,41.1,41.65,41.0,41.55,0.55,41.5,123,41.55,16,8.88
2204,2021-12-01,610958,527,39788384,64.6,65.6,64.6,65.3,0.4,65.2,1,65.3,4,8.97
2206,2021-12-01,434852,333,11411455,26.1,26.45,26.1,26.3,0.25,26.3,5,26.35,1,12.77
2207,2021-12-01,209052,536,128287065,605.0,619.0,605.0,613.0,7.0,613.0,5,614.0,1,20.68
2208,2021-12-01,1595798,1078,35238462,22.2,22.25,22.0,22.1,0.2,22.1,22,22.15,15,0.0
2211,2021-12-01,296125,287,15479423,52.3,52.5,51.8,52.5,0.2,52.4,4,52.5,38,17.74
2227,2021-12-01,78891,187,19554189,246.5,251.5,246.0,251.5,4.5,251.0,1,252.0,2,15.26
2228,2021-12-01,61043,48,4092281,66.8,67.7,66.7,67.1,0.3,67.1,7,67.3,2,15.6
2231,2021-12-01,1440282,1717,260261147,178.0,183.0,177.5,181.0,2.5,180.5,17,181.0,18,42.49
2233,2021-12-01,385310,299,36776961,94.8,96.4,94.4,96.0,1.5,96.0,12,96.1,3,10.65
2236,2021-12-01,44515,31,1168632,25.7,27.4,25.55,27.4,1.65,26.7,2,27.25,3,17.34
2239,2021-12-01,1011076,689,83251556,84.8,84.8,81.5,81.6,4.7,81.6,22,81.9,2,16.19
2241,2021-12-01,131525,112,6783294,51.6,52.1,51.3,51.5,0.4,51.4,6,51.5,2,0.0
2243,2021-12-01,1921256,1033,37837394,19.95,20.45,19.05,19.4,0.15,19.4,6,19.5,13,0.0
2247,2021-12-01,24274,32,5120723,211.5,211.5,210.5,211.0,0.5,211.0,1,211.5,1,13.44
2250,2021-12-01,73809,135,7865182,105.5,108.5,103.5,108.0,2.0,107.5,5,108.0,4,18.27
2301,2021-12-01,3972097,2384,239684548,60.1,60.8,59.7,60.5,0.2,60.5,104,60.6,66,10.32
2302,2021-12-01,115697,83,1969286,17.1,17.1,16.95,17.05,0.1,17.05,12,17.1,5,19.38
2303,2021-12-01,271771178,105145,17840072516,64.4,67.0,64.1,67.0,3.3,66.9,1273,67.0,6225,16.3
2305,2021-12-01,1525942,564,13207031,8.4,8.79,8.38,8.78,0.36,8.78,19,8.79,38,0.0
2308,2021-12-01,2813663,2456,725517039,256.0,259.5,256.0,258.0,2.0,257.5,64,258.0,19,23.96
2312,2021-12-01,38439818,10617,506129375,13.6,13.6,12.9,13.35,0.45,13.3,362,13.35,225,0.0
2313,2021-12-01,12249029,5923,504059080,41.8,41.8,40.9,41.2,0.4,41.2,154,41.25,205,11.14
2314,2021-12-01,7417680,5282,577024796,77.0,81.0,75.5,80.4,0.5,80.3,16,80.5,20,0.0
2316,2021-12-01,732665,351,21572152,28.9,29.75,28.9,29.3,0.3,29.3,2,29.35,7,10.81
2317,2021-12-01,22533336,10602,2368450389,103.5,106.0,103.5,105.5,2.0,105.5,1112,106.0,3091,10.38
2321,2021-12-01,2899,6,17602,6.07,6.13,6.07,6.13,0.09,6.15,1,6.22,4,613.0
2323,2021-12-01,11533719,3519,102629833,8.65,9.02,8.62,8.97,0.33,8.97,85,8.98,126,16.31
2324,2021-12-01,11156430,3974,260803491,23.15,23.55,23.15,23.45,0.3,23.45,184,23.5,207,7.28
2327,2021-12-01,3380153,3465,1563731984,455.0,467.0,454.5,465.0,8.5,464.5,11,465.0,53,10.46
2328,2021-12-01,2248482,1342,86143337,38.55,38.55,38.0,38.55,0.0,38.5,44,38.55,4,22.54
2329,2021-12-01,10812848,4399,275337993,24.9,25.9,24.7,25.7,0.7,25.65,83,25.7,85,19.18
2330,2021-12-01,21646408,15684,12950252242,596.0,603.0,594.0,600.0,4.0,600.0,661,601.0,8,27.15
2331,2021-12-01,10630982,5645,263402188,24.75,25.3,24.35,24.75,0.1,24.7,31,24.75,36,0.0
2332,2021-12-01,1361498,1033,24807667,18.1,18.3,18.1,18.25,0.1,18.25,54,18.3,38,13.62
2337,2021-12-01,16084863,7060,687485280,42.35,43.0,41.9,43.0,0.6,42.95,300,43.0,1255,8.46
2338,2021-12-01,10512967,6657,1057848484,99.6,102.5,99.1,102.5,1.5,102.0,158,102.5,277,15.62
2340,2021-12-01,43494851,22801,2572952117,58.0,60.2,57.6,59.3,0.9,59.3,87,59.4,84,30.41
2342,2021-12-01,16850537,9927,844061092,49.8,52.1,48.7,49.5,0.3,49.5,11,49.55,12,24.15
2344,2021-12-01,74075518,32385,2392146118,31.85,32.65,31.5,32.4,0.35,32.4,24,32.45,266,13.22
2345,2021-12-01,1309403,1130,383316480,288.0,297.0,288.0,295.0,6.5,295.0,60,295.5,24,36.24
2347,2021-12-01,6915436,2849,409163563,58.2,59.6,58.1,59.2,0.8,59.2,383,59.3,3,5.91
2348,2021-12-01,201128,240,20556714,101.0,103.0,101.0,102.5,1.0,102.0,22,102.5,1,8.21
2348A,2021-12-01,2562,9,96518,37.75,37.75,37.65,37.65,0.1,37.65,6,37.75,1,0.0
2349,2021-12-01,3097933,1375,28442160,9.0,9.32,8.98,9.24,0.34,9.24,14,9.25,1,0.0
2351,2021-12-01,2480162,3388,394890643,160.0,163.5,157.0,160.5,2.5,160.0,14,161.0,42,37.24
2352,2021-12-01,4900288,3055,144823237,29.55,29.7,29.4,29.6,0.1,29.6,33,29.65,46,6.42
2353,2021-12-01,49652291,15659,1389772573,28.15,28.3,27.5,28.1,0.4,28.1,836,28.15,44,7.92
2354,2021-12-01,3480182,2334,225351081,65.0,65.1,64.3,64.9,0.3,64.9,31,65.0,4,19.37
2355,2021-12-01,84582614,36150,3209269512,38.0,38.7,37.1,38.25,1.65,38.2,114,38.25,182,33.55
2356,2021-12-01,5367213,2268,140778491,25.8,26.3,25.8,26.25,0.45,26.2,118,26.25,27,15.72
2357,2021-12-01,2045689,2126,735955488,356.0,361.0,355.0,360.0,7.5,360.0,67,360.5,18,6.32
2358,2021-12-01,699134,424,15254671,21.95,22.0,21.6,21.85,0.15,21.85,17,21.9,9,31.67
2359,2021-12-01,113262,64,1961894,17.4,17.5,17.15,17.35,0.15,17.35,4,17.45,2,35.41
2360,2021-12-01,970499,1100,176420075,183.5,186.0,180.0,184.0,1.5,182.0,3,184.0,6,18.36
2362,2021-12-01,311940,290,9822090,31.3,31.9,31.3,31.7,0.4,31.6,6,31.75,1,12.15
2363,2021-12-01,31246410,14577,827755478,25.7,27.0,25.6,26.85,1.1,26.8,308,26.85,38,149.17
2364,2021-12-01,3140,14,63258,20.4,20.4,20.3,20.3,0.25,20.25,1,20.4,2,15.26
2365,2021-12-01,302038,153,3280709,10.85,10.9,10.8,10.9,0.05,10.85,25,10.9,15,34.06
2367,2021-12-01,4174103,1873,78702263,18.55,19.1,18.5,18.85,0.1,18.85,124,18.9,48,0.0
2368,2021-12-01,23191528,13724,1712404159,71.5,75.0,71.2,74.8,2.9,74.8,8,74.9,304,16.4
2369,2021-12-01,66786539,29266,1893610467,28.55,29.45,27.5,27.8,0.3,27.8,69,27.85,71,19.17
2371,2021-12-01,52468763,14718,1850802886,35.6,35.75,35.05,35.05,0.55,35.05,1917,35.1,228,438.12
2373,2021-12-01,30274,33,2720165,89.3,90.4,89.3,90.4,0.2,89.6,4,90.4,2,14.26
2374,2021-12-01,16609213,7383,406242177,24.35,25.0,23.95,24.3,0.1,24.3,82,24.35,21,11.0
2375,2021-12-01,24077812,16878,2845229454,115.0,121.0,114.5,117.0,0.0,117.0,116,117.5,41,13.98
2376,2021-12-01,10857386,6810,1488090459,134.5,139.0,133.5,139.0,3.0,138.5,81,139.0,460,8.19
2377,2021-12-01,5003955,13654,820639653,164.0,166.0,162.0,164.5,1.5,164.5,44,165.0,99,9.25
2379,2021-12-01,1447440,1584,793464667,546.0,551.0,542.0,549.0,6.0,549.0,1,550.0,29,18.85
2380,2021-12-01,6041551,2453,81102363,13.35,14.0,12.8,13.75,0.55,13.7,12,13.75,49,0.0
2382,2021-12-01,6686246,4921,585237208,86.3,87.9,86.3,87.9,2.0,87.8,12,87.9,3,10.27
2383,2021-12-01,5405655,5742,1485961858,275.5,281.0,271.0,279.5,0.5,279.0,1,279.5,5,18.7
2385,2021-12-01,1530796,1146,123180955,79.5,81.3,79.5,80.9,1.4,80.8,1,81.0,37,9.98
2387,2021-12-01,4145029,2751,193548026,46.4,47.45,45.5,46.95,0.55,46.95,11,47.0,45,7.35
2388,2021-12-01,30009081,19108,2654456550,86.2,91.3,85.6,89.0,0.7,89.0,62,89.1,7,7.72
2390,2021-12-01,1584016,769,33653805,21.35,21.55,21.15,21.2,0.15,21.2,20,21.25,1,3.33
2392,2021-12-01,442816,342,16959489,38.35,38.5,38.0,38.4,0.0,38.4,10,38.45,2,15.48
2393,2021-12-01,3728888,2885,191288887,50.7,52.2,50.5,51.9,0.6,51.8,77,51.9,56,11.51
2395,2021-12-01,1215367,1167,451338116,353.0,379.0,353.0,370.5,11.5,370.5,7,371.5,20,37.31
2397,2021-12-01,32000,21,1843600,57.7,58.0,57.3,57.3,0.1,57.3,1,57.8,1,23.68
2399,2021-12-01,2764045,1503,63771041,23.05,23.4,22.6,23.15,0.1,23.1,17,23.15,7,13.23
2401,2021-12-01,14575080,8370,597035887,40.8,41.5,40.2,41.4,0.2,41.35,13,41.4,65,24.5
2402,2021-12-01,552756,268,9276889,16.8,16.95,16.5,16.9,0.2,16.9,17,16.95,44,22.53
2404,2021-12-01,245705,364,43905649,179.0,180.0,177.0,179.0,0.5,179.0,13,179.5,4,11.94
2405,2021-12-01,1298565,438,15945606,12.05,12.45,12.05,12.3,0.25,12.3,10,12.35,37,42.41
2406,2021-12-01,13449721,5123,329448273,23.9,24.85,23.75,24.5,0.15,24.45,130,24.5,120,62.82
2408,2021-12-01,20047171,11489,1515989604,74.1,76.0,74.1,76.0,1.8,75.9,40,76.0,1559,13.57
2409,2021-12-01,73663109,15970,1501841967,20.0,20.65,20.0,20.5,0.4,20.45,539,20.5,1057,3.32
2412,2021-12-01,8357457,4539,942502269,112.0,113.0,112.0,113.0,1.0,112.5,1164,113.0,930,24.84
2413,2021-12-01,7740730,2606,170051699,20.1,22.2,19.7,22.2,2.0,22.2,181,,0,277.5
2414,2021-12-01,175266,320,6902975,39.55,39.55,39.1,39.45,0.1,39.45,3,39.5,1,12.03
2415,2021-12-01,4380264,3032,211921393,46.5,49.75,46.5,49.3,2.5,49.3,29,49.35,1,16.22
2417,2021-12-01,611024,497,15475014,25.5,25.65,25.15,25.15,0.05,25.15,3,25.25,7,9.31
2419,2021-12-01,4992354,2699,120284687,24.2,24.65,23.6,24.65,0.05,24.55,27,24.65,46,50.31
2420,2021-12-01,451509,699,21091652,46.6,47.0,46.25,47.0,0.05,46.95,4,47.0,21,13.17
2421,2021-12-01,2646678,2048,113050618,41.1,43.45,41.1,43.45,1.75,43.4,3,43.45,14,26.66
2423,2021-12-01,306716,194,8719170,28.35,28.8,27.85,28.8,0.35,28.55,1,28.8,10,16.55
2424,2021-12-01,10572,15,232334,20.05,22.75,20.05,22.75,0.0,22.15,1,22.7,3,0.0
2425,2021-12-01,724871,424,19926205,27.7,28.1,27.0,27.6,0.1,27.55,3,27.6,4,23.59
2426,2021-12-01,5940423,3168,168188213,27.4,28.7,27.3,28.65,0.85,28.65,47,28.7,97,34.94
2427,2021-12-01,160656,69,1770866,10.95,11.1,10.95,11.1,0.1,11.05,10,11.1,1,17.9
2428,2021-12-01,415863,402,62816648,150.0,152.5,149.5,151.5,1.5,151.5,10,152.0,12,11.79
2429,2021-12-01,293759,163,6590998,22.85,23.0,22.0,23.0,0.7,22.45,4,23.0,4,0.0
2430,2021-12-01,279934,209,11281995,40.25,40.6,40.05,40.55,0.25,40.35,1,40.6,6,12.14
2431,2021-12-01,532287,241,6710329,12.3,12.8,12.3,12.55,0.05,12.55,4,12.6,4,10.2
2433,2021-12-01,40031,32,2047593,51.0,51.3,50.9,51.3,0.3,51.2,1,51.3,1,13.39
2434,2021-12-01,3700,7,146193,39.7,40.25,39.7,40.0,0.45,40.15,1,40.25,1,57.97
2436,2021-12-01,48330788,28405,4758275036,92.5,102.0,91.4,100.5,7.7,100.0,304,100.5,134,24.28
2438,2021-12-01,153399,98,2179653,14.4,14.55,14.1,14.1,0.45,14.2,1,14.4,1,470.0
2439,2021-12-01,1914302,1570,179587899,91.5,94.7,91.5,93.9,2.6,93.8,7,93.9,1,16.98
2440,2021-12-01,393738,201,6592711,16.6,16.95,16.55,16.95,0.1,16.9,10,16.95,2,16.14
2441,2021-12-01,1043542,971,81516055,77.0,78.7,76.8,78.6,1.5,78.5,10,78.6,7,10.71
2442,2021-12-01,884148,363,10027874,11.25,11.6,11.2,11.35,0.1,11.35,14,11.4,52,4.56
2443,2021-12-01,13179,10,39324,3.0,3.0,2.96,2.96,0.04,2.95,50,2.96,4,0.0
2444,2021-12-01,333613,158,4024730,11.8,12.2,11.7,12.1,0.25,12.05,8,12.1,4,0.0
2449,2021-12-01,8800359,5629,385768869,44.0,44.1,43.4,43.95,0.35,43.9,62,43.95,7,12.7
2450,2021-12-01,90662,75,2968405,32.45,33.2,32.4,33.15,0.65,32.9,1,33.15,6,14.93
2451,2021-12-01,264734,220,18378234,69.4,69.8,69.0,69.6,0.3,69.6,8,69.7,3,12.94
2453,2021-12-01,788499,455,20924674,25.95,26.8,25.8,26.6,0.55,26.55,2,26.6,6,13.04
2454,2021-12-01,6476926,7856,6808644525,1020.0,1070.0,1010.0,1065.0,55.0,1065.0,25,1070.0,501,17.63
2455,2021-12-01,6189433,5039,940995115,153.0,154.5,150.0,152.0,1.0,151.5,56,152.0,3,34.7
2456,2021-12-01,952497,915,86932888,90.5,92.0,90.2,91.8,1.3,91.7,6,91.8,1,19.91
2457,2021-12-01,3164909,1905,114535150,35.9,36.65,35.5,36.45,0.2,36.45,27,36.5,25,0.0
2458,2021-12-01,2071398,1924,336862119,161.5,164.5,160.5,164.0,2.0,163.5,31,164.5,9,9.39
2459,2021-12-01,58660,73,3444262,58.6,59.4,58.4,59.4,0.8,59.1,1,59.4,1,11.51
2460,2021-12-01,1697378,988,46700834,27.7,28.2,27.1,27.8,0.3,27.75,12,27.8,1,20.29
2461,2021-12-01,1225056,530,28592278,22.95,23.6,22.8,23.35,0.15,23.3,10,23.35,7,9.19
2462,2021-12-01,176435,135,4898955,27.95,28.05,27.65,27.8,0.1,27.8,14,27.85,6,32.33
2464,2021-12-01,512080,405,21579327,41.7,42.7,41.65,42.6,0.5,42.6,1,42.65,2,15.84
2465,2021-12-01,5422694,4423,402098035,73.7,75.7,72.1,74.9,0.7,74.8,8,74.9,19,10.39
2466,2021-12-01,98010,66,3589163,37.0,37.1,36.1,36.45,0.5,36.25,1,36.8,1,1215.0
2467,2021-12-01,408272,442,20880001,50.6,51.5,50.5,51.2,0.2,51.2,5,51.3,3,12.28
2468,2021-12-01,19000,10,247600,12.95,13.1,12.95,13.1,0.05,13.05,5,13.1,1,29.77
2471,2021-12-01,68242,49,1717244,25.0,25.25,25.0,25.1,0.1,25.1,8,25.15,18,13.07
2472,2021-12-01,1008815,1017,68296894,66.7,68.3,66.5,68.0,0.6,67.9,6,68.0,7,12.83
2474,2021-12-01,4533955,2856,687454198,152.5,153.0,150.5,151.5,3.5,151.5,61,152.0,86,6.04
2476,2021-12-01,3611916,2505,223149801,61.1,62.4,60.6,62.3,0.3,62.2,9,62.3,14,18.27
2477,2021-12-01,608904,344,19638403,32.25,32.5,32.05,32.2,0.3,32.2,25,32.3,4,3.82
2478,2021-12-01,398002,353,26808364,66.7,67.7,66.6,67.6,0.9,67.4,6,67.6,1,11.99
2480,2021-12-01,106639,174,7668288,71.3,72.1,71.2,72.0,0.8,71.9,2,72.0,1,13.85
2481,2021-12-01,22569634,14023,2500278714,109.0,112.5,108.5,110.5,0.0,110.5,124,111.0,255,21.67
2482,2021-12-01,1008233,305,14468408,13.95,14.75,13.9,14.25,0.3,14.25,16,14.3,10,0.0
2483,2021-12-01,246001,125,5901374,23.9,24.05,23.9,23.95,0.4,23.95,10,24.0,5,20.65
2484,2021-12-01,3815317,2400,155718962,40.05,41.45,39.7,41.3,0.6,41.25,30,41.3,17,21.29
2485,2021-12-01,2425432,1369,51883529,21.5,21.7,21.1,21.65,0.05,21.65,4,21.7,56,0.0
2486,2021-12-01,3931972,2254,215478124,54.7,55.6,54.1,55.1,0.2,55.1,27,55.2,8,42.71
2488,2021-12-01,42139,48,1133439,26.8,27.0,26.8,27.0,0.05,26.95,3,27.0,12,14.59
2489,2021-12-01,4526608,2746,82790018,18.35,18.4,18.1,18.3,0.05,18.3,114,18.35,27,2.31
2491,2021-12-01,316660,163,6769682,21.35,21.75,21.1,21.3,0.15,21.3,6,21.4,2,11.9
2492,2021-12-01,6556430,5102,1146369335,174.5,177.5,173.0,174.5,1.0,174.5,100,175.0,57,9.78
2493,2021-12-01,173122,131,6512373,37.65,38.0,37.4,37.7,0.05,37.7,8,37.8,2,14.17
2495,2021-12-01,597608,305,9000297,14.9,15.3,14.75,15.15,0.2,15.15,1,15.2,10,60.6
2496,2021-12-01,8159,9,403727,49.55,49.6,49.45,49.6,0.05,49.6,2,49.75,1,16.93
2497,2021-12-01,6878560,3713,466651554,66.0,69.1,66.0,68.6,2.2,68.6,11,68.7,23,428.75
2498,2021-12-01,84493775,43293,6759947572,76.8,83.4,75.6,83.4,5.9,83.3,39,83.4,105,0.0
2501,2021-12-01,295372,175,5788873,19.55,19.75,19.4,19.65,0.05,19.6,4,19.65,2,25.86
2504,2021-12-01,1809886,927,48244833,26.6,26.9,26.3,26.75,0.15,26.75,42,26.8,21,11.33
2505,2021-12-01,341468,307,7968815,23.35,23.4,23.15,23.4,0.05,23.35,8,23.4,10,8.67
2506,2021-12-01,19456,26,189954,9.74,9.83,9.74,9.76,0.01,9.75,3,9.78,1,19.52
2509,2021-12-01,124530,137,2292245,18.35,18.5,18.25,18.35,0.0,18.35,11,18.4,2,17.64
2511,2021-12-01,983214,410,13018213,13.2,13.3,13.15,13.25,0.05,13.25,53,13.3,27,13.25
2514,2021-12-01,147717,79,2654657,17.75,18.05,17.75,17.9,0.1,17.85,1,18.05,17,2.95
2515,2021-12-01,1642826,1090,14479667,8.84,8.85,8.77,8.83,0.06,8.83,40,8.84,25,26.76
2516,2021-12-01,429436,144,2596143,6.11,6.11,6.0,6.03,0.02,6.02,26,6.06,7,0.0
2520,2021-12-01,1664618,1129,64093646,38.25,38.65,38.2,38.65,0.15,38.6,25,38.65,46,4.55
2524,2021-12-01,184486,218,7885283,42.3,43.4,42.0,42.9,0.5,42.8,3,43.0,11,10.34
2527,2021-12-01,307683,369,10163553,33.2,33.2,32.7,33.0,0.2,33.0,7,33.05,3,5.37
2528,2021-12-01,42000,15,901550,21.5,21.6,21.4,21.6,0.05,21.5,8,21.65,2,33.75
2530,2021-12-01,1940887,258,28380012,14.4,14.65,14.4,14.65,0.25,14.65,9,14.7,91,0.0
2534,2021-12-01,586938,419,13177644,22.3,22.6,22.2,22.6,0.2,22.5,10,22.6,3,12.7
2535,2021-12-01,293206,214,9280001,31.5,31.95,31.3,31.95,0.3,31.9,6,31.95,8,8.41
2536,2021-12-01,142782,68,3185176,22.25,22.4,22.25,22.35,0.2,22.35,12,22.45,41,74.5
2537,2021-12-01,2847121,750,29787915,10.25,10.6,10.25,10.55,0.25,10.5,49,10.55,41,10.05
2538,2021-12-01,11008298,4140,166523343,15.1,15.8,14.7,14.85,0.2,14.8,237,14.85,58,0.0
2539,2021-12-01,82452,78,2567447,31.1,31.15,31.05,31.15,0.05,31.15,4,31.2,38,23.42
2540,2021-12-01,56213,55,4121372,73.0,74.2,73.0,74.0,0.8,73.8,1,74.0,1,13.43
2542,2021-12-01,2508221,1392,116773917,46.2,46.7,46.0,46.7,0.5,46.65,27,46.7,76,7.71
2543,2021-12-01,10120,22,77110,7.65,7.67,7.59,7.64,0.06,7.6,3,7.64,1,31.83
2545,2021-12-01,130518,124,4820947,36.75,37.15,36.7,36.95,0.15,36.9,4,37.05,6,8.19
2546,2021-12-01,49471,70,2464365,49.65,49.95,49.25,49.95,0.3,49.8,3,49.85,1,7.11
2547,2021-12-01,1683662,726,16928350,9.94,10.25,9.88,10.25,0.31,10.2,7,10.25,193,51.25
2548,2021-12-01,379443,586,35048268,91.4,93.0,91.3,92.0,0.3,92.0,2,92.5,8,11.39
2597,2021-12-01,91158,519,11139314,123.0,123.0,121.5,122.0,0.0,121.5,4,122.0,1,12.7
2601,2021-12-01,6010776,2274,79225524,13.25,13.3,12.95,13.25,0.05,13.25,29,13.3,188,55.21
2603,2021-12-01,97598322,39188,12161840577,125.0,126.0,123.0,124.5,0.0,124.5,292,125.0,1950,3.84
2605,2021-12-01,10722105,4977,305200697,29.3,29.3,28.0,28.65,0.35,28.65,140,28.7,34,73.46
2606,2021-12-01,8768646,5337,477682495,54.2,55.1,53.2,55.0,1.1,54.9,14,55.0,268,13.0
2607,2021-12-01,3435429,1742,99581307,29.3,29.55,28.7,28.95,0.35,28.95,37,29.0,12,37.12
2608,2021-12-01,5256682,3600,244051599,46.3,48.15,44.9,45.1,0.35,45.1,7,45.2,2,15.19
2609,2021-12-01,60402879,27165,6963805824,116.0,117.0,114.0,115.0,0.5,115.0,141,115.5,213,3.35
2610,2021-12-01,293747769,69225,7654643159,25.45,27.0,25.1,27.0,1.0,26.95,712,27.0,2692,41.54
2611,2021-12-01,1056337,617,21168302,20.35,20.35,19.85,20.05,0.2,20.05,5,20.1,12,7.19
2612,2021-12-01,935301,577,53016474,57.0,57.2,55.9,57.0,0.3,57.0,6,57.1,11,14.58
2613,2021-12-01,261603,224,6810075,25.85,26.25,25.6,26.2,0.35,26.1,5,26.2,11,25.44
2614,2021-12-01,4950334,3181,164548249,33.6,33.7,33.0,33.05,0.1,33.05,110,33.1,22,21.74
2615,2021-12-01,15632350,10165,2424278591,156.5,157.5,153.5,154.5,2.0,154.5,260,155.0,50,4.9
2616,2021-12-01,36598,58,1320850,36.0,36.2,35.85,36.15,0.15,36.15,7,36.2,5,11.81
2617,2021-12-01,4062643,2282,151129624,37.5,37.75,36.65,37.75,0.05,37.7,2,37.75,19,14.69
2618,2021-12-01,139988689,37327,3510693746,24.7,25.85,24.2,25.85,0.65,25.8,28,25.85,1549,0.0
2630,2021-12-01,169611,110,3207787,18.55,19.05,18.5,19.05,0.15,19.05,10,19.1,11,39.69
2633,2021-12-01,4259772,2147,126884254,29.5,29.95,29.5,29.9,0.25,29.9,96,29.95,144,31.81
2634,2021-12-01,1056394,692,30781355,29.0,29.3,28.95,29.2,0.2,29.2,19,29.25,8,57.25
2636,2021-12-01,5636197,4627,778400158,137.0,141.0,136.0,138.0,0.5,138.0,47,138.5,23,6.43
2637,2021-12-01,3504939,3007,253807024,73.1,73.1,71.7,72.7,0.4,72.6,8,72.7,25,9.77
2642,2021-12-01,2970661,2220,222730274,76.1,78.7,72.6,73.2,0.7,73.1,34,73.3,1,27.94
2701,2021-12-01,91789,38,1115829,12.05,12.2,12.05,12.2,0.05,12.2,17,12.25,12,45.19
2702,2021-12-01,288493,188,7491319,26.1,26.15,25.8,25.85,0.5,25.85,10,26.1,19,0.0
2704,2021-12-01,187420,121,5580756,29.8,30.05,29.55,29.85,0.2,29.7,2,29.85,1,0.0
2705,2021-12-01,66591,69,1176686,17.8,17.8,17.6,17.65,0.05,17.65,1,17.7,4,0.0
2706,2021-12-01,241482,134,3446903,14.1,14.4,14.1,14.3,0.1,14.3,29,14.35,1,47.67
2707,2021-12-01,186273,231,27605002,149.0,149.0,146.5,149.0,2.0,148.5,9,149.0,5,9.02
2712,2021-12-01,6000,6,222450,37.05,37.3,36.9,37.3,0.1,36.85,1,37.05,1,1243.33
2722,2021-12-01,20043,19,614670,30.15,31.2,30.15,30.75,0.1,30.6,8,30.8,2,1537.5
2723,2021-12-01,306841,365,35648853,115.5,117.0,115.0,116.0,2.5,116.0,50,116.5,5,16.52
2727,2021-12-01,284974,489,39181640,139.0,139.0,136.5,137.5,1.5,137.5,8,138.0,9,0.0
2731,2021-12-01,166769,172,14132097,85.5,85.5,84.3,84.9,0.6,84.9,1,85.4,3,0.0
2739,2021-12-01,22121,22,504148,22.7,23.15,22.65,22.8,0.15,22.75,3,22.8,1,0.0
2748,2021-12-01,59568,64,2395601,40.5,40.5,40.05,40.4,0.1,40.35,3,40.4,1,0.0
2753,2021-12-01,71134,153,8961996,125.5,126.5,125.0,126.5,0.5,126.5,2,127.0,10,13.54
2801,2021-12-01,6671860,1710,110758966,16.45,16.7,16.45,16.65,0.25,16.65,108,16.7,166,21.35
2809,2021-12-01,1473836,705,59348803,40.2,40.7,40.05,40.6,0.35,40.6,8,40.65,5,5.9
2812,2021-12-01,3656017,1619,43702224,11.9,12.0,11.9,12.0,0.1,11.95,2639,12.0,1872,11.22
2816,2021-12-01,43973,45,853023,19.4,19.55,19.35,19.5,0.05,19.45,7,19.5,5,9.2
2820,2021-12-01,1415973,683,24358041,17.1,17.3,17.0,17.25,0.15,17.25,22,17.3,86,12.68
2823,2021-12-01,6548222,1996,199782053,30.45,30.6,30.4,30.55,0.1,30.55,27,30.6,196,5.43
2832,2021-12-01,211372,144,4256980,20.0,20.3,20.0,20.25,0.25,20.15,15,20.25,3,289.29
2834,2021-12-01,17680290,4674,170251214,9.61,9.66,9.6,9.64,0.04,9.63,300,9.64,22,14.61
2836,2021-12-01,311089,123,3599666,11.45,11.65,11.45,11.6,0.15,11.6,9,11.65,32,15.89
2836A,2021-12-01,18231,7,439339,24.1,24.1,24.1,24.1,0.0,24.1,18,24.15,14,0.0
2838,2021-12-01,2013771,935,24824622,12.3,12.4,12.25,12.4,0.25,12.4,4,12.45,185,9.54
2838A,2021-12-01,81000,11,4269000,52.7,52.8,52.7,52.8,0.0,52.7,5,52.8,39,0.0
2841,2021-12-01,1219845,331,5186215,4.39,4.39,4.19,4.19,0.11,4.19,39,4.2,1,0.0
2845,2021-12-01,7962475,1379,83250846,10.45,10.5,10.4,10.5,0.0,10.45,393,10.5,257,15.44
2849,2021-12-01,233599,81,3880762,16.55,16.65,16.55,16.65,0.1,16.65,4,16.7,154,13.11
2850,2021-12-01,68111,71,3237884,47.0,47.9,47.0,47.7,0.7,47.65,1,47.8,4,7.07
2851,2021-12-01,230343,190,6501507,28.15,28.35,28.1,28.35,0.1,28.3,4,28.35,12,9.64
2852,2021-12-01,222112,133,3220125,14.35,14.55,14.35,14.55,0.2,14.5,4,14.55,6,10.1
2855,2021-12-01,1047603,696,24172493,23.05,23.2,22.95,23.15,0.45,23.15,4,23.2,23,6.65
2867,2021-12-01,1846649,768,17070969,9.23,9.3,9.2,9.28,0.02,9.27,9,9.28,4,8.0
2880,2021-12-01,8987101,4157,184231184,20.3,20.6,20.3,20.6,0.4,20.55,28,20.6,379,15.15
2881,2021-12-01,16569331,8771,1222578455,73.1,74.5,73.0,74.1,1.0,74.1,11,74.2,13,6.1
2881A,2021-12-01,50471,26,3176098,62.9,63.0,62.9,63.0,0.0,62.8,181,63.0,9,0.0
2881B,2021-12-01,34297,15,2150749,62.6,62.8,62.6,62.8,0.0,62.6,15,62.8,36,0.0
2881C,2021-12-01,119123,153,7148838,60.0,60.1,60.0,60.0,0.0,60.0,216,60.1,294,0.0
2882,2021-12-01,22545939,8494,1344270991,59.5,60.0,59.1,59.9,0.1,59.8,510,59.9,287,6.63
2882A,2021-12-01,54167,28,3408969,63.0,63.0,62.8,63.0,0.0,62.6,121,63.0,14,0.0
2882B,2021-12-01,42144,19,2641998,62.5,62.8,62.5,62.8,0.0,62.5,5,62.7,5,0.0
2883,2021-12-01,58405219,14576,944131989,16.15,16.25,16.05,16.25,0.15,16.2,2175,16.25,185,7.07
2884,2021-12-01,12216217,6458,334330069,27.0,27.55,26.95,27.55,0.6,27.5,59,27.55,287,18.49
2885,2021-12-01,45488819,8596,1098355144,23.9,24.45,23.9,24.35,0.65,24.3,1589,24.35,422,8.99
2886,2021-12-01,9020626,4507,306962118,33.75,34.2,33.75,34.15,0.05,34.15,48,34.2,656,18.07
2887,2021-12-01,27466171,7199,507232087,18.3,18.65,18.2,18.65,0.05,18.6,323,18.65,1317,11.1
2887E,2021-12-01,12454,11,660170,53.1,53.1,53.0,53.0,0.1,53.0,180,53.1,19,0.0
2887F,2021-12-01,12617,12,654765,51.8,52.0,51.8,52.0,0.1,51.8,148,52.0,19,0.0
2888,2021-12-01,114374112,16199,1206720150,10.55,10.75,10.4,10.65,0.1,10.6,2965,10.65,201,8.32
2888A,2021-12-01,32262,20,1364427,42.35,42.35,42.25,42.3,0.1,42.25,8,42.3,5,0.0
2888B,2021-12-01,20363,26,863785,42.45,42.45,42.35,42.35,0.15,42.35,17,42.4,3,0.0
2889,2021-12-01,2782343,1643,44231376,15.85,15.95,15.85,15.9,0.1,15.9,18,15.95,26,11.95
2890,2021-12-01,18624427,4463,280950545,15.1,15.15,15.0,15.15,0.15,15.1,347,15.15,258,10.82
2891,2021-12-01,26770312,8513,659088149,24.25,24.85,24.2,24.85,0.45,24.8,5,24.85,87,9.34
2891B,2021-12-01,62921,27,3963195,63.0,63.5,62.6,63.0,0.4,62.8,1,63.0,81,0.0
2891C,2021-12-01,10395,23,636176,61.2,61.3,61.1,61.3,0.0,61.0,4,61.2,2,0.0
2892,2021-12-01,14361668,5496,337208717,23.1,23.6,23.1,23.6,0.5,23.6,26,23.65,599,15.32
2897,2021-12-01,1845058,605,14354400,7.78,7.86,7.74,7.86,0.1,7.85,85,7.86,21,14.04
2897A,2021-12-01,103000,14,1040300,10.1,10.1,10.1,10.1,0.05,10.1,20,10.15,145,0.0
2901,2021-12-01,13799,34,345678,25.05,25.1,25.0,25.1,0.05,25.05,1,25.1,2,627.5
2903,2021-12-01,768035,431,16363649,21.05,21.6,21.0,21.5,0.45,21.45,11,21.5,5,18.7
2904,2021-12-01,17043,25,436259,25.55,25.65,25.5,25.55,0.05,25.5,12,25.6,2,17.26
2905,2021-12-01,316016,201,7344502,23.25,23.45,23.1,23.25,0.25,23.25,81,23.3,3,9.45
2906,2021-12-01,447029,136,6914247,15.45,15.6,15.25,15.45,0.05,15.45,26,15.55,21,34.33
2908,2021-12-01,1532094,748,31740340,20.7,21.05,20.5,20.85,0.25,20.85,3,20.9,3,12.79
2910,2021-12-01,7010,8,250448,35.5,36.3,35.5,35.5,0.75,34.65,2,36.3,3,45.51
2911,2021-12-01,233359,198,1930148,8.14,8.33,8.14,8.24,0.1,8.24,1,8.26,3,0.0
2912,2021-12-01,1580258,1654,433971103,271.0,277.5,270.0,276.5,7.5,276.5,12,277.0,46,32.61
2913,2021-12-01,645244,364,12488652,19.25,19.45,19.2,19.4,0.05,19.4,5,19.45,39,970.0
2915,2021-12-01,3063392,2857,304921647,99.0,100.5,98.0,100.0,0.0,99.9,99,100.0,32,3.78
2923,2021-12-01,8000,7,211250,26.15,27.05,26.15,27.05,0.25,26.8,1,27.05,1,27.89
2929,2021-12-01,234499,180,2514476,10.7,10.9,10.6,10.6,0.25,10.6,26,10.8,1,0.0
2936,2021-12-01,10000,7,260050,25.95,26.1,25.95,26.1,0.1,25.9,2,26.1,2,7.61
2939,2021-12-01,13000,9,363300,27.85,28.25,27.7,28.15,0.2,28.0,2,28.15,7,47.71
2945,2021-12-01,1594255,1412,127071251,80.8,81.5,78.2,78.7,5.3,78.7,19,78.8,1,25.89
3002,2021-12-01,256224,97,3057838,11.55,12.1,11.55,12.05,0.45,11.95,2,12.05,5,301.25
3003,2021-12-01,1756823,1321,163675283,92.9,94.2,91.7,93.7,0.4,93.6,21,93.7,9,23.14
3004,2021-12-01,33721,39,1993219,58.4,59.5,58.4,59.3,1.0,59.3,2,59.6,2,0.0
3005,2021-12-01,1149352,820,62280947,53.9,54.5,53.8,54.5,0.6,54.4,1,54.5,33,7.51
3006,2021-12-01,19188998,14139,3168355211,161.0,168.0,159.5,167.5,6.5,167.0,195,167.5,40,11.16
3008,2021-12-01,468812,2467,937605075,2000.0,2010.0,1990.0,2000.0,10.0,2000.0,6,2005.0,11,13.09
3010,2021-12-01,781970,705,70400773,89.4,90.7,89.1,90.4,0.5,90.3,28,90.4,13,8.47
3011,2021-12-01,671449,223,7559717,11.4,11.45,11.05,11.4,0.25,11.4,7,11.45,74,0.0
3013,2021-12-01,476737,231,6669143,14.6,14.6,13.65,13.75,0.05,13.7,16,13.75,13,0.0
3014,2021-12-01,852492,757,88546701,103.0,105.0,102.0,105.0,0.5,104.5,31,105.0,12,10.31
3015,2021-12-01,253524,170,11069124,43.5,43.8,43.2,43.8,0.15,43.75,2,43.8,38,11.87
3016,2021-12-01,3752958,2801,549463135,147.0,149.0,144.0,148.5,2.5,148.0,10,148.5,27,151.53
3017,2021-12-01,9711063,6081,861268767,87.7,89.8,87.2,88.5,0.1,88.5,84,88.6,1,11.57
3018,2021-12-01,70180,138,1166625,16.65,16.65,16.55,16.65,0.3,16.55,7,16.85,3,0.0
3019,2021-12-01,27915324,18681,2784591842,99.1,101.5,97.2,101.5,2.4,101.0,416,101.5,287,23.55
3021,2021-12-01,873704,517,21268498,24.1,24.9,23.75,24.3,0.2,24.3,5,24.35,26,16.76
3022,2021-12-01,787588,744,35597463,43.95,45.75,43.95,45.35,1.45,45.35,2,45.4,1,8.37
3023,2021-12-01,612855,2439,153371378,254.0,254.0,247.5,250.0,4.5,250.0,38,251.0,1,24.9
3024,2021-12-01,417415,186,5615927,13.4,13.55,13.35,13.45,0.0,13.45,36,13.55,31,21.02
3025,2021-12-01,335770,238,7969545,23.6,23.95,23.35,23.8,0.05,23.8,8,23.85,11,103.48
3026,2021-12-01,488659,854,59429496,120.5,122.5,120.5,122.0,1.0,121.5,25,122.0,54,10.19
3027,2021-12-01,833807,416,19253477,23.3,23.45,22.7,23.45,0.1,23.45,1,23.5,20,137.94
3028,2021-12-01,3330094,1909,107528126,31.8,32.7,31.5,32.55,0.85,32.5,14,32.55,2,8.39
3029,2021-12-01,320972,274,14248465,44.05,44.75,44.05,44.6,0.25,44.6,9,44.65,5,11.23
3030,2021-12-01,361485,194,20760402,57.5,57.7,56.9,57.7,0.0,57.7,1,57.8,22,12.74
3031,2021-12-01,2853269,1086,71585603,24.8,25.5,24.6,25.3,0.1,25.25,36,25.3,48,17.45
3032,2021-12-01,77178,64,2421164,31.3,31.45,31.3,31.45,0.05,31.4,11,31.45,2,10.55
3033,2021-12-01,4123040,2446,122108210,29.55,29.85,29.25,29.7,0.0,29.65,59,29.7,6,8.27
3034,2021-12-01,8505990,7661,4059078753,465.5,483.0,465.5,482.5,17.0,482.0,42,482.5,13,9.3
3035,2021-12-01,13594277,11841,2494131080,183.0,188.5,179.0,187.0,1.0,187.0,16,187.5,27,66.31
3036,2021-12-01,3910203,1909,257375220,62.9,67.4,62.7,66.3,2.9,66.2,7,66.3,63,8.71
3036A,2021-12-01,21000,5,1030900,49.1,49.1,49.05,49.1,0.05,49.05,6,49.1,6,0.0
3037,2021-12-01,33173026,23449,7411481814,225.0,226.5,221.0,223.5,4.5,223.5,207,224.0,287,32.07
3038,2021-12-01,200583,153,3820673,19.05,19.1,19.0,19.1,0.1,19.05,6,19.1,27,13.55
3040,2021-12-01,48846,60,1853852,38.0,38.05,37.9,38.0,0.0,38.0,12,38.1,5,15.9
3041,2021-12-01,7096532,3926,243108353,33.15,34.95,33.0,34.8,0.9,34.75,18,34.8,15,0.0
3042,2021-12-01,4142615,3005,432783095,105.0,106.0,103.5,105.5,0.0,105.5,5,106.0,199,11.61
3043,2021-12-01,170023,34,594309,3.46,3.55,3.46,3.51,0.01,3.51,7,3.53,2,0.0
3044,2021-12-01,774138,809,95425313,123.5,124.5,122.0,123.0,2.0,123.0,50,123.5,2,10.49
3045,2021-12-01,3059160,2381,299702029,97.4,98.5,97.3,98.3,1.3,98.2,2,98.3,44,26.07
3046,2021-12-01,1664766,1134,68760485,39.7,43.3,39.7,41.3,0.05,41.25,11,41.3,1,28.48
3047,2021-12-01,503098,242,5587223,11.05,11.2,10.9,11.1,0.05,11.1,4,11.15,8,0.0
3048,2021-12-01,347892,822,11068011,31.7,31.95,31.35,31.9,0.15,31.85,8,31.95,32,7.44
3049,2021-12-01,6287102,2200,85268206,13.4,13.75,13.3,13.75,0.15,13.7,28,13.75,85,11.18
3050,2021-12-01,830569,318,14796845,17.7,18.0,17.6,17.85,0.15,17.8,8,17.85,1,19.62
3051,2021-12-01,1470062,552,16358931,10.9,11.25,10.9,11.2,0.15,11.2,34,11.25,96,4.38
3052,2021-12-01,227762,78,2434658,10.65,10.75,10.6,10.75,0.15,10.7,7,10.75,42,21.94
3054,2021-12-01,368086,216,9014572,24.9,25.0,24.3,24.6,0.4,24.6,1,24.9,6,49.2
3055,2021-12-01,142942,120,4153023,28.5,29.55,28.5,29.25,0.1,29.25,4,29.35,1,0.0
3056,2021-12-01,473438,317,19162009,40.05,41.25,40.0,40.7,0.25,40.55,9,40.7,11,5.75
3057,2021-12-01,52007,112,709436,13.55,13.8,13.55,13.65,0.1,13.6,19,13.8,7,0.0
3058,2021-12-01,969086,468,15487355,16.0,16.15,15.8,16.0,0.2,16.0,5,16.05,3,0.0
3059,2021-12-01,6623529,4170,265372762,39.45,40.6,39.2,40.1,0.5,40.05,8,40.1,7,48.31
3060,2021-12-01,1051512,725,26777266,25.0,25.75,24.75,25.65,0.4,25.6,2,25.65,7,64.12
3062,2021-12-01,35530889,15944,1109901332,31.1,32.9,30.0,32.55,0.55,32.5,20,32.55,31,130.2
3090,2021-12-01,6278672,4277,345543901,54.1,56.6,54.0,55.3,2.1,55.3,26,55.4,56,12.51
3092,2021-12-01,792737,463,42274260,53.8,54.2,52.9,53.8,0.0,53.8,17,53.9,31,0.0
3094,2021-12-01,1148880,827,40097907,34.1,35.4,33.65,35.2,1.2,35.15,13,35.2,6,48.22
3130,2021-12-01,5428,19,955377,175.0,176.5,175.0,176.0,0.0,175.5,1,176.0,50,16.86
3138,2021-12-01,916896,1028,201842718,220.5,224.0,215.5,219.5,1.5,219.5,7,220.0,1,51.41
3149,2021-12-01,573214,399,17660459,30.9,31.1,30.35,30.95,0.0,30.95,34,31.0,1,0.0
3164,2021-12-01,61228,31,1458385,24.0,24.0,23.8,24.0,0.0,23.9,1,23.95,10,26.97
3167,2021-12-01,323731,234,31589630,99.2,99.2,96.6,97.5,0.8,97.4,3,97.7,2,11.88
3189,2021-12-01,12419350,10727,2872550919,236.5,237.5,228.0,228.0,12.5,228.0,395,228.5,12,38.58
3209,2021-12-01,252826,255,7358984,29.1,29.25,28.95,29.2,0.1,29.15,7,29.2,6,8.18
3229,2021-12-01,3158,15,20829,6.54,6.6,6.54,6.6,0.06,6.61,3,6.8,2,0.0
3231,2021-12-01,12627040,5227,367932052,28.95,29.35,28.85,29.3,0.7,29.25,109,29.3,108,11.23
3257,2021-12-01,236227,257,16274356,68.1,69.3,68.0,69.2,1.3,69.0,9,69.2,6,13.7
3266,2021-12-01,7000,6,93200,13.2,13.45,13.2,13.45,0.05,13.35,26,13.4,1,37.36
3296,2021-12-01,270354,165,4921778,18.3,18.45,18.05,18.45,0.25,18.1,2,18.45,1,0.0
3305,2021-12-01,8627106,6098,696678066,82.0,82.7,79.9,80.8,3.6,80.7,41,80.8,8,20.66
3308,2021-12-01,43888,30,353743,8.21,8.21,7.94,8.1,0.11,8.02,10,8.1,1,0.0
3311,2021-12-01,16228,32,546374,33.6,33.85,33.45,33.85,0.25,33.7,1,33.85,1,32.24
3312,2021-12-01,11324273,5613,321310750,28.6,29.05,27.5,28.5,0.1,28.5,2,28.55,22,9.08
3321,2021-12-01,289475,139,3812737,13.4,13.4,13.1,13.15,0.05,13.15,20,13.3,26,0.0
3338,2021-12-01,2352739,1492,129744479,54.2,56.6,53.6,56.6,1.3,56.5,8,56.6,6,32.16
3346,2021-12-01,427760,322,18566372,42.4,43.95,42.0,43.65,0.35,43.6,1,43.7,3,35.2
3356,2021-12-01,184522,206,5538460,29.7,30.2,29.7,30.05,0.25,30.05,6,30.2,8,13.98
3376,2021-12-01,402828,376,38088563,94.2,95.3,94.0,95.3,1.3,95.3,4,95.4,4,13.27
3380,2021-12-01,923180,633,26513956,28.65,29.15,28.35,28.85,0.35,28.8,11,28.9,19,27.22
3383,2021-12-01,1711,5,6962,4.13,4.13,4.13,4.13,0.13,4.03,1,4.11,20,0.0
3406,2021-12-01,4559892,4814,2517476082,548.0,560.0,538.0,557.0,9.0,556.0,17,557.0,30,26.31
3413,2021-12-01,1689802,1345,383760115,222.0,231.5,219.5,229.5,5.5,229.0,14,229.5,18,14.32
3416,2021-12-01,49212,42,3841819,78.8,78.8,77.6,78.2,0.1,78.1,1,78.3,3,15.77
3419,2021-12-01,28273464,10561,775209157,28.8,28.8,27.25,27.6,2.65,27.6,64,27.65,17,0.0
3432,2021-12-01,267000,120,3778750,14.35,14.35,14.0,14.25,0.1,14.2,5,14.25,9,21.92
3437,2021-12-01,845930,625,20643370,24.2,24.65,23.6,24.6,0.8,24.55,1,24.6,32,76.88
3443,2021-12-01,1392097,1348,817075808,585.0,593.0,579.0,592.0,3.0,591.0,3,592.0,15,51.08
3450,2021-12-01,158822,123,9080117,57.1,57.5,56.9,57.4,0.2,57.3,5,57.5,8,23.62
3454,2021-12-01,21674,39,1531300,70.1,71.1,70.1,70.5,0.4,70.5,1,70.8,1,36.53
3481,2021-12-01,91971258,20918,1617549751,17.3,17.85,17.3,17.7,0.25,17.65,769,17.7,577,3.03
3494,2021-12-01,127828,120,636616,4.95,5.03,4.91,5.0,0.16,4.93,3,5.0,3,0.0
3501,2021-12-01,58103,47,2799624,47.9,48.4,47.9,48.2,0.1,48.1,10,48.3,2,16.23
3504,2021-12-01,2381846,1790,294455311,122.5,126.0,121.5,125.5,1.0,125.0,39,125.5,11,0.0
3515,2021-12-01,7294817,5768,1806950889,241.5,255.0,236.5,250.0,11.0,250.0,31,250.5,7,14.66
3518,2021-12-01,72008,45,1647437,22.6,23.0,22.6,22.95,0.05,22.9,1,22.95,1,573.75
3528,2021-12-01,35666,29,1771559,49.8,50.2,49.5,49.5,0.7,49.5,14,49.95,1,12.34
3530,2021-12-01,1264110,990,177912723,141.0,142.0,138.5,141.0,2.0,141.0,38,141.5,8,14.6
3532,2021-12-01,11294188,9746,2933362876,254.0,265.0,251.0,264.0,14.0,263.0,3,264.0,6,76.97
3533,2021-12-01,522772,583,351964255,680.0,684.0,668.0,672.0,15.0,672.0,21,675.0,4,22.85
3535,2021-12-01,3701717,1917,71725098,18.65,20.1,18.3,19.85,0.85,19.85,13,19.9,13,0.0
3536,2021-12-01,41300,11,247884,6.09,6.09,6.0,6.0,0.01,5.75,4,6.0,33,0.0
3543,2021-12-01,46000,21,1250250,27.45,27.45,27.05,27.25,0.1,27.05,5,27.15,2,10.17
3545,2021-12-01,7350541,6116,1235590311,164.0,170.0,163.5,169.5,3.5,169.0,157,169.5,32,6.86
3550,2021-12-01,370805,178,6635142,17.8,18.05,17.6,18.05,0.25,18.0,13,18.05,18,12.28
3557,2021-12-01,548969,458,42606340,79.0,79.0,76.3,77.7,0.9,77.7,6,77.9,5,9.79
3563,2021-12-01,129280,463,30146203,235.0,235.0,231.0,233.0,3.5,233.0,7,233.5,2,13.06
3576,2021-12-01,3963312,1971,83224543,20.9,21.15,20.85,20.9,0.3,20.9,244,21.0,10,0.0
3583,2021-12-01,961617,761,77300596,80.2,81.2,79.3,81.1,0.3,81.0,5,81.1,1,16.22
3588,2021-12-01,11392136,11714,1846814664,163.0,168.5,157.0,168.5,0.0,168.0,5,168.5,137,37.44
3591,2021-12-01,904038,561,20791996,22.9,23.2,22.65,23.1,0.2,23.1,18,23.15,38,27.18
3593,2021-12-01,39343,41,627777,16.0,16.2,15.8,16.0,0.3,15.95,6,16.0,13,23.88
3596,2021-12-01,3263509,2336,353421317,107.5,110.5,105.5,110.5,0.5,110.0,30,110.5,100,12.53
3605,2021-12-01,4317349,2832,222811672,49.8,52.6,49.05,51.9,2.1,51.9,25,52.0,60,12.45
3607,2021-12-01,894377,487,13329251,14.5,15.2,14.4,15.0,0.5,14.95,10,15.0,15,0.0
3617,2021-12-01,50150,45,3437800,68.5,69.4,68.2,69.4,0.9,69.4,7,69.5,4,21.42
3622,2021-12-01,137240,113,4029837,29.05,29.75,28.9,29.55,0.35,29.55,11,29.6,1,19.97
3645,2021-12-01,2063874,1421,91287453,43.65,45.2,43.45,43.6,0.7,43.6,5,43.7,1,16.9
3653,2021-12-01,1681615,1756,742576748,436.0,447.5,433.0,439.5,0.5,439.0,10,440.0,1,52.45
3661,2021-12-01,2057978,2350,2043837730,1000.0,1015.0,981.0,990.0,30.0,989.0,5,990.0,15,50.74
3665,2021-12-01,743549,733,188746737,255.5,256.0,251.0,255.0,3.5,255.0,77,255.5,17,16.58
3669,2021-12-01,461281,621,24880396,52.5,54.9,52.5,53.5,0.7,53.5,6,53.6,4,6.08
3673,2021-12-01,890866,668,35888107,39.85,40.6,39.85,40.45,0.95,40.45,3,40.5,20,13.81
3679,2021-12-01,38209,42,3199602,83.2,84.5,83.1,84.1,0.8,84.1,3,84.5,1,8.31
3682,2021-12-01,2119877,835,17733440,8.4,8.4,8.31,8.38,0.2,8.37,1,8.38,1,0.0
3686,2021-12-01,482385,255,7399701,15.3,15.6,15.25,15.3,0.25,15.3,14,15.35,2,0.0
3694,2021-12-01,339300,165,8377940,24.7,24.95,24.3,24.9,0.15,24.85,7,24.9,7,15.56
3701,2021-12-01,36545074,22152,3281980279,89.2,94.5,85.2,92.5,5.2,92.2,12,92.5,4,87.26
3702,2021-12-01,2435750,1775,122570277,50.0,50.6,50.0,50.4,0.1,50.4,100,50.5,36,8.7
3702A,2021-12-01,23106,15,1148852,49.7,49.8,49.65,49.8,0.0,49.65,23,49.75,5,0.0
3703,2021-12-01,670021,415,16897600,25.15,25.5,25.05,25.2,0.0,25.2,10,25.25,6,14.82
3704,2021-12-01,8611416,4592,284906109,33.2,33.6,32.8,33.0,0.85,33.0,211,33.05,2,10.78
3705,2021-12-01,138356,100,5985007,43.3,43.45,43.15,43.35,0.05,43.25,1,43.45,2,16.0
3706,2021-12-01,6064538,3435,193488904,31.7,32.2,31.6,32.15,0.15,32.15,31,32.2,94,3.12
3708,2021-12-01,858387,848,77837654,88.2,91.7,88.2,90.9,2.7,90.9,8,91.2,1,43.49
3711,2021-12-01,12930066,6359,1330117281,101.0,104.5,100.5,104.0,2.0,104.0,611,104.5,282,10.43
3712,2021-12-01,662541,358,20589919,31.3,31.35,30.7,31.25,0.2,31.25,20,31.3,13,15.94
3714,2021-12-01,5918518,3905,466391804,76.6,79.8,76.6,79.6,2.2,79.6,27,79.7,37,0.0
4104,2021-12-01,118636,133,6752743,56.7,57.3,56.5,57.2,1.1,57.2,1,57.3,3,13.99
4106,2021-12-01,2554215,1574,76235898,29.8,30.75,29.25,29.45,0.6,29.4,1,29.45,5,27.27
4108,2021-12-01,470710,318,10799153,22.9,23.2,22.7,23.0,0.3,22.95,1,23.0,1,0.0
4119,2021-12-01,99682,195,7852453,78.6,79.1,78.6,78.8,0.2,78.8,6,78.9,2,0.0
4133,2021-12-01,3701404,2548,155893553,42.0,43.45,40.8,41.5,1.05,41.5,10,41.55,4,63.85
4137,2021-12-01,146614,157,36330407,248.0,250.0,247.0,247.5,1.5,247.0,24,247.5,119,14.7
4141,2021-12-01,2616245,1377,57774230,22.25,22.5,21.7,21.95,0.05,21.95,16,22.0,8,0.0
4142,2021-12-01,2127157,1515,96530597,45.5,46.2,45.0,45.05,0.05,45.05,16,45.1,12,19.59
4148,2021-12-01,67101,41,2826642,42.1,42.7,42.0,42.0,0.3,42.0,2,42.25,1,17.5
4155,2021-12-01,71117,52,1644365,23.05,23.2,23.05,23.15,0.05,23.1,3,23.15,5,27.24
4164,2021-12-01,80462,79,2972401,37.0,37.05,36.85,37.0,0.0,36.95,1,37.0,7,19.68
4190,2021-12-01,8010,10,582630,72.5,73.0,72.5,73.0,0.5,72.6,1,72.8,2,13.3
4306,2021-12-01,759144,427,11410886,15.05,15.15,14.95,15.15,0.1,15.1,6,15.15,6,27.05
4414,2021-12-01,6128754,1460,45534189,7.57,7.57,7.37,7.37,0.2,7.36,107,7.37,176,0.0
4426,2021-12-01,387504,257,8441786,22.15,22.6,21.5,21.55,0.4,21.55,2,21.65,3,0.0
4438,2021-12-01,151105,178,21274205,140.0,141.5,139.5,141.0,1.0,140.5,1,141.0,5,25.73
4439,2021-12-01,2000,2,279000,139.5,139.5,139.5,139.5,2.0,138.0,2,140.0,1,11.54
4440,2021-12-01,187216,121,8646318,46.5,46.95,45.8,46.95,0.45,46.75,1,46.95,4,11.62
4526,2021-12-01,131061,147,2213927,16.9,17.0,16.8,16.9,0.0,16.9,3,17.0,4,0.0
4532,2021-12-01,530647,198,10064437,18.85,19.05,18.8,19.05,0.05,19.05,100,19.1,71,14.32
4536,2021-12-01,139476,145,19471872,139.0,141.0,137.0,141.0,1.0,140.5,3,141.0,3,16.95
4540,2021-12-01,35072,24,1677927,47.4,48.3,47.2,47.95,0.4,47.95,1,48.1,1,19.33
4545,2021-12-01,17000,13,473150,27.75,28.2,27.75,27.8,0.2,27.8,1,27.9,1,25.04
4551,2021-12-01,205150,765,36501531,180.0,180.0,177.0,177.5,3.5,177.0,5,178.0,2,16.94
4552,2021-12-01,94580,65,2971348,30.8,31.85,30.8,31.65,0.95,31.6,3,31.65,1,11.14
4555,2021-12-01,14000,14,725100,52.0,52.0,51.3,51.4,0.6,51.4,1,51.6,1,15.34
4557,2021-12-01,122163,96,8388706,68.0,69.1,67.8,69.0,1.2,69.0,3,69.2,1,17.92
4560,2021-12-01,126000,75,5265400,41.9,42.3,41.55,42.3,0.35,42.2,1,42.4,1,17.7
4562,2021-12-01,239066,119,4164004,17.75,17.75,17.3,17.3,0.4,17.3,3,17.4,2,0.0
4564,2021-12-01,355042,228,14224835,39.9,40.55,39.7,40.5,0.6,40.5,17,40.55,2,20.88
4566,2021-12-01,66225,45,2930267,43.65,44.7,43.65,44.7,0.5,44.6,1,44.7,1,17.88
4571,2021-12-01,561873,427,54126149,90.0,98.5,89.8,98.5,8.9,98.0,21,98.5,4,10.98
4572,2021-12-01,35416,40,3546498,100.0,101.0,99.5,100.0,0.5,100.0,7,100.5,1,89.29
4576,2021-12-01,69068,156,7118156,102.5,104.5,102.5,102.5,1.5,102.5,7,104.5,2,44.37
4581,2021-12-01,7090,7,253726,35.9,36.0,35.2,35.2,0.8,35.25,1,36.0,7,17.25
4720,2021-12-01,87563,62,1255385,14.3,14.45,14.25,14.45,0.1,14.35,4,14.45,8,32.11
4722,2021-12-01,220842,225,9546242,43.0,43.45,42.7,43.25,0.1,43.25,1,43.35,1,11.38
4737,2021-12-01,19030,20,1295606,67.7,68.4,67.7,68.0,0.1,67.9,3,68.1,1,40.72
4739,2021-12-01,3889061,3129,554913916,142.5,146.0,139.5,145.5,1.0,145.0,35,145.5,33,34.15
4746,2021-12-01,1025273,626,57300156,56.2,56.4,55.7,55.7,0.3,55.7,78,55.9,2,5.18
4755,2021-12-01,484118,450,39352834,80.1,83.0,79.3,82.7,2.6,82.6,1,82.7,4,17.86
4763,2021-12-01,48925,65,4840007,99.1,99.1,98.6,98.8,0.3,98.8,3,98.9,1,11.44
4764,2021-12-01,5000,5,300600,60.5,60.5,59.6,60.4,0.0,59.9,2,60.2,1,44.41
4766,2021-12-01,89669,98,12510346,140.5,140.5,138.5,139.5,5.0,139.0,1,139.5,1,15.53
4807,2021-12-01,52040,32,1433712,27.5,27.9,27.4,27.7,0.1,27.65,1,27.8,4,10.95
4904,2021-12-01,4113518,2450,257115769,61.8,63.2,61.7,62.9,1.4,62.9,4,63.0,76,22.71
4906,2021-12-01,1987699,927,54520845,27.1,27.7,27.0,27.6,0.35,27.55,27,27.6,38,19.44
4912,2021-12-01,146444,1474,24567456,169.5,169.5,166.5,167.0,2.0,166.5,22,167.0,4,15.39
4915,2021-12-01,21317944,11608,1166788540,54.0,55.4,53.8,55.1,2.3,55.1,18,55.2,83,11.55
4916,2021-12-01,5067023,3083,158088813,31.35,32.0,30.5,32.0,1.0,31.8,11,32.0,27,123.08
4919,2021-12-01,59848932,36175,9567946393,158.0,162.5,156.0,162.5,7.0,162.5,17,163.0,868,34.65
4927,2021-12-01,20240818,10304,2167727691,110.5,113.0,103.0,103.0,11.0,,0,103.0,3455,18.9
4930,2021-12-01,389392,316,10090870,25.35,26.35,25.35,26.15,0.7,25.95,1,26.15,1,7.67
4934,2021-12-01,1535908,1428,51882159,33.4,34.25,33.4,33.85,0.25,33.8,35,33.85,2,0.0
4935,2021-12-01,361647,285,28306256,76.3,79.2,76.3,79.0,2.1,78.9,1,79.0,11,7.42
4938,2021-12-01,4660256,3244,311333080,66.5,67.2,66.4,66.9,0.3,66.9,64,67.0,81,10.23
4942,2021-12-01,175090,129,8003512,45.8,45.9,45.55,45.9,0.2,45.8,1,45.9,8,7.09
4943,2021-12-01,1960243,1392,76681537,38.9,40.25,36.85,39.05,0.25,39.05,3,39.1,6,0.0
4952,2021-12-01,1216464,1028,89481236,73.0,74.4,72.4,74.4,0.7,74.3,12,74.4,17,14.04
4956,2021-12-01,13627728,6479,370816627,25.8,27.85,25.8,27.3,1.25,27.3,203,27.35,52,19.09
4958,2021-12-01,2195274,1372,217222330,98.0,99.7,98.0,99.5,1.5,99.4,2,99.5,5,10.33
4960,2021-12-01,2548499,968,32173770,12.6,12.75,12.5,12.65,0.05,12.65,32,12.7,174,10.04
4961,2021-12-01,7141563,5682,1807825046,245.0,257.5,245.0,257.5,9.0,257.0,14,257.5,10,9.8
4967,2021-12-01,1145755,739,49691634,42.85,44.4,42.45,44.4,1.15,44.3,10,44.4,5,33.89
4968,2021-12-01,1513976,1686,422484592,275.0,284.0,272.0,277.5,2.5,277.5,6,278.0,2,28.35
4976,2021-12-01,2465183,2636,179094621,72.6,73.2,71.7,73.0,1.0,73.0,1,73.1,2,292.0
4977,2021-12-01,46400,52,3958140,85.7,85.7,85.2,85.4,0.1,85.3,3,85.4,1,16.11
4989,2021-12-01,3282365,3289,161815823,48.8,49.85,48.3,49.35,0.55,49.35,12,49.4,4,17.56
4994,2021-12-01,20000,18,1049800,52.9,53.0,52.0,53.0,0.6,52.3,1,52.6,1,21.29
4999,2021-12-01,60025,55,2474330,41.2,41.5,40.65,41.2,0.0,41.2,4,41.35,2,11.81
5007,2021-12-01,167072,132,9378995,56.2,57.1,55.8,56.6,1.0,56.3,1,56.6,1,17.05
5203,2021-12-01,101270,114,9191912,90.1,91.2,90.1,90.9,0.9,90.8,1,91.1,1,45.0
5215,2021-12-01,76062,83,5393094,70.3,71.5,70.2,71.3,1.0,71.2,2,71.3,2,6.42
5222,2021-12-01,770766,784,160328434,207.0,210.5,205.0,209.0,1.0,209.0,9,209.5,1,51.6
5225,2021-12-01,41094,30,882598,21.3,21.65,21.3,21.5,0.15,21.45,2,21.5,18,0.0
5234,2021-12-01,545131,435,62775016,115.0,117.0,112.0,116.0,1.0,115.5,5,116.0,3,18.04
5243,2021-12-01,1593221,1305,108865680,68.8,69.3,67.2,69.1,0.4,69.0,16,69.2,5,24.08
5258,2021-12-01,2449231,1443,83663476,32.5,34.75,32.4,34.5,1.9,34.45,1,34.5,6,17.78
5269,2021-12-01,794125,1515,1563976565,1950.0,2005.0,1905.0,2000.0,55.0,1995.0,11,2000.0,11,43.05
5283,2021-12-01,19256,50,2226601,114.5,116.0,114.5,115.5,0.0,115.5,4,116.0,9,10.44
5284,2021-12-01,7001,7,311893,44.95,44.95,44.05,44.35,0.5,44.1,2,44.6,2,13.01
5285,2021-12-01,1218772,882,132361096,107.0,110.5,105.5,110.5,2.5,110.0,19,110.5,33,23.92
5288,2021-12-01,166010,120,23643415,142.0,144.5,141.0,143.5,1.0,143.5,1,144.0,2,13.05
5388,2021-12-01,309379,253,20427945,65.1,66.6,65.0,66.5,0.8,66.4,11,66.6,31,21.11
5434,2021-12-01,179505,205,26441905,146.0,148.5,146.0,148.5,2.5,148.0,9,148.5,4,12.21
5469,2021-12-01,1115553,766,50291951,44.5,45.3,44.5,45.2,0.65,45.2,14,45.25,21,6.3
5471,2021-12-01,5255679,3654,497303094,91.5,96.6,91.1,96.5,4.0,96.4,21,96.5,86,11.26
5484,2021-12-01,26009,27,415844,16.0,16.1,15.95,15.95,0.05,15.9,3,16.0,7,0.0
5515,2021-12-01,402229,185,5645928,13.95,14.15,13.9,14.1,0.15,14.05,7,14.1,7,7.79
5519,2021-12-01,216138,140,4522073,20.75,21.05,20.75,20.95,0.0,20.95,3,21.0,9,9.31
5521,2021-12-01,659654,298,5593551,8.45,8.51,8.43,8.51,0.03,8.51,8,8.52,14,0.0
5522,2021-12-01,392886,380,25706870,64.6,66.2,64.5,65.8,1.2,65.8,5,65.9,6,10.7
5525,2021-12-01,42876,32,1232971,28.55,28.85,28.55,28.85,0.3,28.8,2,28.9,26,0.0
5531,2021-12-01,2940149,1230,33211232,10.7,11.5,10.7,11.3,0.55,11.3,23,11.35,2,1130.0
5533,2021-12-01,230750,111,4366504,18.85,19.0,18.85,19.0,0.15,18.9,2,19.0,23,9.84
5534,2021-12-01,296607,229,21694062,73.4,73.5,72.7,73.5,0.5,73.4,2,73.6,3,15.51
5538,2021-12-01,93040,85,4804362,51.5,53.0,51.2,51.5,0.3,51.5,7,51.7,2,8.58
5546,2021-12-01,16000,14,952200,60.0,60.0,59.4,59.6,0.4,59.6,1,59.8,10,13.13
5607,2021-12-01,4173530,3186,242771029,55.1,60.0,54.4,59.7,4.6,59.7,2,59.8,23,23.69
5608,2021-12-01,6045660,3462,255551146,42.8,42.9,41.8,42.45,0.25,42.45,65,42.5,25,9.58
5706,2021-12-01,245094,207,10294497,42.25,42.5,41.65,42.4,0.1,42.35,3,42.4,4,40.77
5871,2021-12-01,3283944,2551,817291117,247.0,251.5,244.0,251.0,4.0,250.5,10,251.0,55,19.58
5871A,2021-12-01,261969,162,26454883,100.5,101.0,100.5,100.5,0.5,100.5,525,101.0,124,0.0
5876,2021-12-01,2639447,1573,122476483,45.5,46.8,45.5,46.55,0.2,46.45,24,46.55,11,14.82
5880,2021-12-01,9333106,4489,221902172,23.55,23.9,23.55,23.85,0.1,23.85,46,23.9,1330,15.79
5906,2021-12-01,261102,16,10168663,38.95,38.95,38.1,38.95,0.0,38.55,1,39.0,2,11.77
5907,2021-12-01,113041,66,2040906,18.35,18.35,17.95,18.05,0.6,18.0,11,18.05,1,82.05
6005,2021-12-01,2465784,790,39788544,16.05,16.25,16.05,16.25,0.1,16.2,46,16.25,189,6.74
6024,2021-12-01,109239,83,4212077,38.6,38.6,38.5,38.6,0.0,38.55,7,38.6,1,15.2
6108,2021-12-01,306015,200,6620616,21.45,21.75,21.45,21.7,0.25,21.65,10,21.75,35,23.09
6112,2021-12-01,85257,90,3300210,38.1,38.95,38.1,38.95,1.0,38.75,2,38.95,1,12.65
6115,2021-12-01,31320,49,1336675,42.7,42.85,42.55,42.8,0.2,42.75,2,42.8,3,15.45
6116,2021-12-01,22978280,5372,356967621,15.25,15.7,15.15,15.65,0.3,15.65,186,15.7,514,4.77
6117,2021-12-01,6340,13,105340,16.6,16.6,16.6,16.6,0.0,16.35,2,16.65,6,0.0
6120,2021-12-01,1141707,585,12559637,10.8,11.15,10.8,11.1,0.25,11.05,12,11.1,7,0.0
6128,2021-12-01,109462,74,3157155,28.65,28.95,28.55,28.9,0.25,28.9,7,28.95,6,12.25
6133,2021-12-01,31116,21,270886,8.68,8.73,8.68,8.71,0.06,8.68,1,8.71,1,0.0
6136,2021-12-01,386636,240,7120284,18.5,18.65,18.25,18.5,0.05,18.4,13,18.5,11,30.33
6139,2021-12-01,216062,134,6076305,28.15,28.45,27.9,28.3,0.15,28.3,9,28.45,3,29.18
6141,2021-12-01,210143,121,5576103,26.5,26.8,26.2,26.65,0.15,26.55,12,26.65,5,8.38
6142,2021-12-01,442880,191,4960691,11.2,11.25,11.15,11.25,0.0,11.2,3,11.25,29,0.0
6152,2021-12-01,688712,279,7276877,10.45,10.8,10.45,10.65,0.05,10.65,457,10.7,10,0.0
6153,2021-12-01,1442685,967,35717867,24.3,25.1,24.2,25.0,0.65,25.0,49,25.05,43,113.64
6155,2021-12-01,83371,65,2042103,24.25,24.7,24.25,24.55,0.1,24.5,13,24.55,1,34.58
6164,2021-12-01,2517901,1027,37459663,14.3,15.1,14.25,14.85,0.4,14.85,21,14.9,24,46.41
6165,2021-12-01,365110,262,13932641,37.8,38.65,37.8,38.1,0.2,38.1,8,38.15,1,8.9
6166,2021-12-01,156972,106,9968036,63.2,64.3,62.9,64.2,0.9,63.8,4,64.2,5,156.59
6168,2021-12-01,2551581,1455,70102939,26.8,27.9,26.6,27.75,0.45,27.7,23,27.75,6,15.68
6176,2021-12-01,857532,722,83066564,96.1,97.6,96.0,97.1,1.1,97.1,2,97.2,7,8.24
6177,2021-12-01,1190382,210,35664988,29.65,30.2,29.6,30.05,0.25,30.0,14,30.05,25,16.42
6183,2021-12-01,22696,28,1132420,49.7,50.0,49.7,50.0,0.3,49.9,1,50.0,2,19.08
6184,2021-12-01,81710,43,3562822,43.7,43.7,43.55,43.7,0.05,43.65,8,43.7,1,14.01
6189,2021-12-01,200647,187,8136355,40.5,40.65,40.3,40.65,0.05,40.6,14,40.65,13,10.34
6191,2021-12-01,5072503,3885,193435643,37.8,38.45,37.5,38.2,0.55,38.15,24,38.2,9,6.36
6192,2021-12-01,40131,40,2777606,69.3,69.8,68.8,69.8,0.8,69.6,1,69.8,6,9.06
6196,2021-12-01,3948507,3466,598914283,151.5,155.0,147.5,155.0,3.5,154.5,1,155.0,183,23.07
6197,2021-12-01,280283,211,10520466,37.35,37.75,37.3,37.75,0.4,37.65,16,37.75,2,14.98
6201,2021-12-01,10000,9,430150,43.0,43.1,42.9,43.0,0.0,42.85,2,43.15,1,11.59
6202,2021-12-01,1309642,1103,140896203,105.5,109.5,104.5,109.0,3.0,108.5,18,109.0,1,12.73
6205,2021-12-01,8351451,3987,466638225,55.5,57.8,54.0,57.0,1.5,56.9,1,57.0,45,31.84
6206,2021-12-01,299215,285,21276464,71.1,71.8,70.5,71.2,1.0,71.1,6,71.2,6,18.74
6209,2021-12-01,1400022,1081,46738352,33.8,33.8,32.9,33.8,0.0,33.75,52,33.8,3,0.0
6213,2021-12-01,2834159,1943,365075141,126.5,130.0,126.0,129.5,2.5,129.5,98,130.0,206,15.93
6214,2021-12-01,138250,122,11851245,85.6,85.9,85.5,85.7,0.2,85.7,6,85.8,3,15.06
6215,2021-12-01,921604,529,29297886,31.15,32.2,31.0,31.8,0.4,31.75,5,31.8,2,10.6
6216,2021-12-01,236130,172,6279106,26.6,26.85,26.5,26.8,0.05,26.8,2,26.85,4,17.52
6224,2021-12-01,530541,566,63606940,119.0,121.0,119.0,121.0,0.5,120.5,21,121.0,6,18.67
6225,2021-12-01,4000,3,28490,7.19,7.19,7.1,7.1,0.13,6.71,1,7.09,3,0.0
6226,2021-12-01,14049865,5246,220638532,15.05,16.15,14.95,15.8,0.55,15.8,230,15.85,22,131.67
6230,2021-12-01,8150,12,1361462,163.5,168.5,163.5,168.5,3.0,165.5,1,168.5,2,26.79
6235,2021-12-01,12058795,3470,285586319,23.5,23.9,23.0,23.9,2.15,23.9,68435,,0,27.47
6239,2021-12-01,7519833,4574,744970416,99.2,99.7,98.6,99.1,0.0,99.0,255,99.1,211,9.46
6243,2021-12-01,11116503,6901,697481498,58.8,64.6,57.3,64.6,5.8,64.6,21559,,0,150.23
6251,2021-12-01,13795858,6167,309641363,22.15,22.8,22.1,22.4,0.45,22.35,69,22.4,11,19.48
6257,2021-12-01,2054411,1269,122844526,59.0,60.3,58.9,60.1,0.8,60.1,2,60.2,22,10.47
6269,2021-12-01,3610684,2546,375841131,102.5,105.0,102.0,104.5,1.5,104.5,192,105.0,317,12.09
6271,2021-12-01,15590491,13741,4519711395,294.0,297.0,282.0,297.0,9.5,297.0,29,297.5,23,21.03
6277,2021-12-01,161459,150,13140083,80.5,82.0,80.5,81.9,1.4,81.7,3,82.0,3,17.21
6278,2021-12-01,2480510,1700,290592103,117.5,119.5,115.0,118.5,1.0,118.5,16,119.0,101,11.04
6281,2021-12-01,74350,78,6123723,82.5,82.7,82.1,82.6,0.0,82.5,3,82.7,2,14.7
6282,2021-12-01,30152314,15640,990617680,33.5,33.55,32.25,33.25,1.75,33.2,214,33.25,35,44.33
6283,2021-12-01,1208867,841,57170696,48.35,48.45,47.0,47.4,0.95,47.35,3,47.4,31,0.0
6285,2021-12-01,1557553,1154,114954268,74.1,74.4,73.1,74.2,0.1,74.1,15,74.2,11,23.78
6288,2021-12-01,528088,299,13415701,25.25,25.9,25.0,25.8,0.3,25.8,11,25.85,5,117.27
6289,2021-12-01,31414,16,76555,2.4,2.47,2.4,2.42,0.02,2.42,2,2.43,6,0.0
6405,2021-12-01,27035,26,775743,28.7,28.9,28.35,28.85,0.05,28.85,2,28.9,2,41.81
6409,2021-12-01,627924,908,967625370,1585.0,1590.0,1510.0,1540.0,45.0,1535.0,10,1540.0,1,61.67
6412,2021-12-01,244045,212,18112094,73.7,75.3,73.5,75.0,0.4,74.7,8,75.0,2,11.14
6414,2021-12-01,4386396,6049,1069316587,243.0,249.0,240.0,241.5,2.5,241.5,41,242.0,3,19.18
6415,2021-12-01,280403,494,1295722425,4725.0,4725.0,4535.0,4655.0,35.0,4650.0,3,4655.0,1,80.41
6416,2021-12-01,188764,171,19090324,102.0,102.0,99.8,101.5,1.0,101.5,1,102.0,17,31.04
6426,2021-12-01,105200,77,7688537,73.1,74.0,72.3,73.0,0.7,73.0,6,73.3,2,162.22
6431,2021-12-01,8001,7,231528,28.9,29.3,28.75,29.0,0.1,28.85,1,29.0,1,51.79
6438,2021-12-01,1032548,1046,117909083,112.5,116.0,112.0,115.0,2.0,114.5,29,115.0,49,13.08
6442,2021-12-01,85000,35,2918350,34.8,34.8,34.05,34.8,0.1,34.7,2,34.75,2,41.93
6443,2021-12-01,23361943,11375,816174777,34.6,35.75,34.2,35.4,0.7,35.4,117,35.45,141,0.0
6449,2021-12-01,94204,84,5332444,55.9,57.2,55.7,56.5,0.6,56.4,5,56.7,2,17.07
6451,2021-12-01,548970,453,53438285,94.6,100.5,94.5,99.2,3.6,99.2,36,99.3,8,15.24
6456,2021-12-01,2560078,1930,264746895,100.0,105.0,100.0,104.5,4.9,104.0,136,104.5,38,8.04
6464,2021-12-01,10055,13,970730,97.0,97.0,96.2,96.2,0.0,96.2,1,96.8,7,12.25
6477,2021-12-01,768036,557,32320268,41.55,42.65,41.3,42.3,0.5,42.25,8,42.3,4,35.85
6491,2021-12-01,893851,1237,393017688,451.0,451.0,436.0,437.0,16.0,437.0,12,437.5,1,26.31
6504,2021-12-01,344061,759,41548663,120.5,124.0,118.0,118.0,0.0,118.0,17,118.5,2,14.66
6505,2021-12-01,2478712,2121,239491814,95.2,97.5,95.2,96.8,1.4,96.7,60,96.8,29,17.73
6515,2021-12-01,1119941,1190,456211635,398.5,414.0,392.0,410.5,16.0,410.0,4,410.5,5,37.73
6525,2021-12-01,297475,268,27794809,92.6,94.4,92.5,94.1,0.5,94.0,1,94.1,2,14.54
6531,2021-12-01,3547444,3374,1818479204,507.0,521.0,500.0,520.0,13.0,519.0,4,520.0,7,37.44
6533,2021-12-01,2909636,2913,1660097571,550.0,589.0,538.0,582.0,29.0,581.0,1,582.0,9,117.1
6541,2021-12-01,523760,343,27519778,52.4,53.6,52.1,52.3,0.0,52.2,21,52.5,12,0.0
6552,2021-12-01,162476,148,8853306,54.0,55.2,53.3,54.8,0.8,54.4,1,54.8,1,15.35
6558,2021-12-01,74000,64,2363850,32.0,32.35,31.8,32.3,0.3,31.9,2,32.1,2,48.94
6573,2021-12-01,489386,314,11191361,23.35,23.35,22.65,22.95,0.55,22.9,17,23.0,16,0.0
6579,2021-12-01,11000,9,699600,63.3,63.9,63.3,63.9,0.7,63.2,3,64.0,1,35.9
6581,2021-12-01,43005,33,3455200,79.8,80.6,79.8,80.5,0.7,80.4,2,80.5,10,16.46
6582,2021-12-01,306926,762,56342161,181.0,186.5,181.0,182.0,1.0,182.0,3,183.0,7,4.78
6591,2021-12-01,67057,69,3646144,53.5,54.9,53.5,54.6,0.9,54.5,3,54.7,2,7.41
6592,2021-12-01,317264,530,28752799,90.3,91.3,89.6,91.0,0.7,91.0,5,91.1,4,15.88
6598,2021-12-01,856914,618,31424731,36.35,37.6,35.8,36.6,1.35,36.6,2,36.65,2,0.0
6605,2021-12-01,509685,337,30005500,57.8,59.5,57.8,58.9,1.2,58.8,10,58.9,8,9.47
6625,2021-12-01,129692,117,4008177,31.0,31.55,30.6,31.05,0.55,31.0,1,31.05,2,0.0
6641,2021-12-01,26149,22,1545496,59.0,59.3,58.9,59.2,0.1,59.1,4,59.3,4,9.37
6655,2021-12-01,45211,33,3646156,81.2,81.2,80.5,80.6,0.9,80.8,2,80.9,1,12.21
6666,2021-12-01,6000,6,407500,65.7,68.4,65.7,68.3,0.4,68.0,2,68.3,2,29.44
6668,2021-12-01,333254,217,17931784,53.5,54.3,53.1,54.0,0.2,54.0,1,54.2,4,0.0
6669,2021-12-01,584783,719,596007900,1030.0,1030.0,1005.0,1020.0,30.0,1020.0,1,1025.0,8,20.34
6670,2021-12-01,140915,342,28309469,201.5,203.0,198.5,201.0,1.0,200.5,1,202.0,2,11.65
6671,2021-12-01,13000,9,621900,47.5,48.4,47.25,48.4,0.25,48.0,2,48.4,3,12.94
6672,2021-12-01,670388,758,88919017,133.0,134.0,131.5,132.5,2.0,132.5,28,133.0,9,12.11
6674,2021-12-01,22000,20,657550,30.25,30.25,29.6,30.1,0.15,29.65,2,30.2,2,44.26
6698,2021-12-01,41152,30,1607965,38.9,39.8,38.8,39.05,0.3,39.0,13,39.15,1,73.68
6706,2021-12-01,943225,869,196788564,208.0,211.0,206.0,209.0,0.5,209.0,14,209.5,11,18.17
6715,2021-12-01,1000,1,113000,113.0,113.0,113.0,113.0,0.0,112.0,5,113.0,3,32.19
6743,2021-12-01,468603,436,36362031,75.9,79.8,74.0,76.9,1.3,76.9,1,77.0,1,98.59
6754,2021-12-01,40101,38,1661813,41.45,41.6,41.2,41.5,0.1,41.45,1,41.5,7,15.66
6756,2021-12-01,2300915,2377,1249997973,550.0,554.0,536.0,545.0,9.0,545.0,11,546.0,14,51.32
6768,2021-12-01,155022,111,10257952,66.3,66.7,65.5,66.4,0.9,66.4,1,66.5,1,31.77
6776,2021-12-01,122025,94,5230732,42.05,43.35,42.0,43.0,0.1,42.9,1,43.1,16,12.68
6781,2021-12-01,514287,725,797457875,1580.0,1580.0,1515.0,1545.0,65.0,1540.0,5,1550.0,1,146.03
6790,2021-12-01,184869,153,9072983,49.1,49.4,48.65,49.2,0.1,49.2,1,49.35,20,8.63
6806,2021-12-01,657292,659,60917395,94.5,94.5,91.6,92.0,3.4,92.0,3,92.1,2,22.77
8011,2021-12-01,2209182,1065,42889586,19.2,19.85,18.85,19.8,0.2,19.75,6,19.8,31,0.0
8016,2021-12-01,7228891,9388,2097963881,283.0,296.0,282.5,292.5,12.0,292.0,8,292.5,6,7.43
8021,2021-12-01,3634362,2625,153687959,42.0,42.7,41.8,42.35,0.6,42.35,13,42.4,12,13.44
8028,2021-12-01,612026,602,30786409,50.0,51.0,49.4,50.7,0.85,50.7,11,50.8,2,44.09
8033,2021-12-01,3476856,1545,66574864,19.0,19.5,18.7,18.9,0.1,18.9,7,18.95,19,70.0
8039,2021-12-01,355432,330,16756458,47.4,47.4,47.0,47.2,0.25,47.15,6,47.2,3,11.95
8046,2021-12-01,6343967,8128,3886619446,628.0,628.0,607.0,608.0,18.0,608.0,14,609.0,8,47.06
8070,2021-12-01,696488,551,23773882,34.2,34.3,33.85,34.25,0.05,34.2,5,34.3,30,15.86
8072,2021-12-01,20366,52,484261,23.8,23.85,23.7,23.85,0.1,23.8,1,23.95,2,95.4
8081,2021-12-01,1567793,3947,399002135,258.5,259.0,251.0,254.5,9.5,254.5,5,255.5,6,11.63
8101,2021-12-01,22529,13,53705,2.37,2.4,2.37,2.4,0.01,2.39,6,2.4,11,0.0
8103,2021-12-01,1222665,1146,59337481,48.7,49.3,47.8,49.15,0.1,49.15,2,49.2,3,12.7
8104,2021-12-01,1469495,1311,75983662,51.3,52.7,50.6,51.2,1.35,51.2,10,51.3,3,15.71
8105,2021-12-01,1185249,483,14661554,12.15,12.6,12.1,12.55,0.4,12.55,3,12.6,50,0.0
8110,2021-12-01,3737115,1639,68718030,18.1,18.7,17.9,18.65,0.35,18.6,42,18.65,60,77.71
8112,2021-12-01,2299859,1662,103027201,44.8,45.0,44.6,44.95,0.05,44.9,10,44.95,173,7.09
8114,2021-12-01,296526,258,32288492,108.0,111.0,106.5,108.5,0.5,108.5,11,109.0,2,24.77
8131,2021-12-01,126359,100,4911849,38.55,39.1,38.5,39.0,0.45,39.0,5,39.05,5,11.89
8150,2021-12-01,4520092,2805,207154715,45.6,46.25,45.15,46.1,0.05,46.05,33,46.1,45,7.75
8163,2021-12-01,3159936,2001,148332940,46.2,47.35,46.05,47.15,0.65,47.1,23,47.15,17,12.12
8201,2021-12-01,1966217,775,33607900,16.8,17.35,16.8,17.05,0.2,17.05,26,17.1,3,8.16
8210,2021-12-01,119212,104,8947700,75.0,75.7,74.4,75.5,0.5,75.5,2,75.6,1,10.53
8213,2021-12-01,565367,403,26433671,46.5,47.15,46.4,47.05,0.65,47.0,10,47.05,10,7.78
8215,2021-12-01,12129425,6789,473194541,38.95,39.55,38.55,38.95,0.15,38.95,61,39.0,42,14.22
8222,2021-12-01,57291,96,843009,14.75,15.0,14.55,14.85,0.05,14.8,4,14.85,1,0.0
8249,2021-12-01,47042,52,1203932,25.75,25.75,25.5,25.7,0.1,25.6,1,25.7,3,14.36
8261,2021-12-01,3418670,2701,367937676,106.0,110.0,104.5,109.5,2.0,109.0,72,109.5,17,17.14
8271,2021-12-01,493798,354,22409296,44.8,45.8,44.6,45.8,1.0,45.75,8,45.8,5,10.13
8341,2021-12-01,97898,498,19490265,198.5,200.0,198.5,199.0,0.0,198.5,22,199.0,1,23.14
8367,2021-12-01,256279,219,13822143,54.0,54.6,53.1,54.3,0.3,54.2,2,54.4,4,7.55
8374,2021-12-01,34000,22,1028750,30.2,30.45,30.15,30.3,0.2,30.25,2,30.35,1,22.78
8404,2021-12-01,994576,653,34086843,33.75,35.0,33.15,34.05,0.3,34.05,2,34.25,2,8.78
8411,2021-12-01,88600,71,1435574,16.0,16.3,16.0,16.25,0.05,16.2,2,16.25,3,27.08
8422,2021-12-01,645175,1964,156416472,245.0,245.0,240.5,241.5,4.0,241.5,6,242.0,4,21.18
8427,2021-12-01,36300,25,2660890,73.0,73.7,73.0,73.6,0.2,73.5,10,73.6,1,0.0
8429,2021-12-01,247090,207,3123208,12.6,12.75,12.5,12.7,0.15,12.65,15,12.7,6,0.0
8442,2021-12-01,5000,4,214650,42.95,42.95,42.9,42.9,0.45,42.65,1,42.85,3,0.0
8443,2021-12-01,120631,130,1450330,12.1,12.1,11.9,12.05,0.0,11.95,10,12.05,9,0.0
8454,2021-12-01,621476,1881,1048004885,1750.0,1765.0,1665.0,1670.0,110.0,1670.0,5,1675.0,4,102.2
8462,2021-12-01,120126,197,16494395,136.0,139.0,134.5,137.5,1.5,137.5,1,138.5,4,0.0
8463,2021-12-01,46000,29,1417850,31.0,31.0,30.3,30.8,0.05,30.4,2,30.6,2,0.0
8464,2021-12-01,500769,512,190242662,380.5,384.5,375.0,379.0,1.0,379.0,6,380.0,16,21.45
8466,2021-12-01,33068,25,1692806,50.7,51.9,50.7,51.9,0.0,50.9,2,51.9,2,37.61
8467,2021-12-01,17000,9,689500,40.0,41.0,40.0,40.4,0.3,40.05,1,40.45,1,28.06
8473,2021-12-01,93915,67,3148503,33.55,33.65,33.45,33.5,0.05,33.4,7,33.55,1,43.51
8478,2021-12-01,676662,510,74149863,106.0,112.5,106.0,108.5,2.0,108.5,4,109.5,2,12.63
8480,2021-12-01,5000,5,522500,104.5,104.5,104.5,104.5,0.0,104.0,2,104.5,3,13.28
8481,2021-12-01,3015,4,215972,71.7,71.7,71.5,71.7,0.2,71.5,1,71.8,1,10.36
8482,2021-12-01,38004,31,2758590,73.5,73.5,71.5,73.3,1.0,73.3,4,73.5,1,10.1
8488,2021-12-01,5000,4,77450,15.45,15.55,15.45,15.55,0.0,15.5,10,15.55,4,11.96
8499,2021-12-01,39300,48,4803245,123.0,123.5,121.0,123.0,0.5,122.5,4,123.5,1,9.84
8926,2021-12-01,434639,390,16423771,37.85,38.0,37.65,37.9,0.3,37.85,6,37.9,8,26.32
8940,2021-12-01,23923,51,311178,12.9,13.25,12.9,13.25,0.3,13.1,1,13.2,1,0.0
8996,2021-12-01,605552,575,36149409,59.5,60.2,58.5,59.8,0.2,59.7,1,59.8,3,40.13
9103,2021-12-01,24093388,9160,402142768,16.6,17.35,16.2,16.3,0.4,16.3,14,16.4,10,0.0
910322,2021-12-01,4000,3,108300,27.1,27.2,27.0,27.0,0.05,26.65,4,29.4,4,0.0
9105,2021-12-01,3261822,717,13751459,4.31,4.31,4.18,4.29,0.11,4.28,15,4.29,25,0.0
910861,2021-12-01,150000,26,1096200,7.28,7.35,7.21,7.28,0.05,7.22,4,7.31,1,0.0
9110,2021-12-01,62010,22,181968,2.93,2.95,2.93,2.94,0.01,2.93,13,2.97,1,0.0
911608,2021-12-01,67000,26,244270,3.61,3.71,3.61,3.7,0.01,3.63,35,3.7,6,0.0
911622,2021-12-01,141000,47,847420,6.0,6.04,5.98,6.0,0.0,6.0,2,6.03,14,0.0
911868,2021-12-01,427000,79,548930,1.32,1.32,1.27,1.28,0.04,1.28,194,1.29,13,0.0
912000,2021-12-01,461000,91,1272560,2.75,2.78,2.75,2.77,0.02,2.76,20,2.77,3,0.0
912398,2021-12-01,4419837,520,22710753,5.1,5.16,5.1,5.15,0.15,5.15,83,5.16,53,0.0
9136,2021-12-01,251006,101,1480504,5.94,5.94,5.85,5.93,0.01,5.92,3,5.93,2,0.0
9188,2021-12-01,31010,14,91618,2.96,2.98,2.94,2.96,0.0,2.96,9,2.97,8,0.0
9802,2021-12-01,1110349,927,107193602,98.6,99.0,95.8,96.5,1.9,96.5,35,96.6,21,18.21
9902,2021-12-01,68220,51,888969,12.9,13.15,12.9,13.15,0.15,13.1,2,13.15,2,11.34
9904,2021-12-01,5723723,3114,185921247,32.3,32.7,32.3,32.5,0.45,32.5,24,32.55,1,7.16
9905,2021-12-01,91182,76,2387440,25.95,26.3,25.95,26.3,0.15,26.3,2,26.35,27,13.56
9906,2021-12-01,117235,75,6389660,54.5,55.0,53.8,55.0,0.5,54.9,1,55.0,2,27.09
9907,2021-12-01,963582,429,12579557,12.95,13.15,12.9,13.1,0.1,13.05,24,13.1,83,14.56
9908,2021-12-01,72906,74,2423997,33.2,33.4,33.2,33.4,0.15,33.35,2,33.4,26,20.88
9910,2021-12-01,504261,837,102139796,201.0,205.5,200.5,202.5,1.0,202.5,32,203.5,10,43.18
9911,2021-12-01,103613,129,7020668,67.7,68.0,67.5,67.7,0.2,67.7,19,68.0,4,13.87
9912,2021-12-01,10284,31,90979,8.82,8.88,8.82,8.88,0.05,8.84,1,8.88,2,0.0
9914,2021-12-01,843604,1674,249901971,296.0,300.0,294.0,299.5,0.5,297.0,2,299.5,11,20.64
9917,2021-12-01,104769,206,10838251,103.0,104.0,102.5,103.5,1.0,103.0,44,103.5,2,17.94
9918,2021-12-01,10707,26,460329,43.0,43.0,43.0,43.0,0.2,42.8,2,43.1,4,22.87
9919,2021-12-01,9202132,4865,238130529,26.05,26.95,25.05,25.35,0.5,25.3,126,25.35,10,16.79
9921,2021-12-01,377071,1023,116929278,307.0,313.0,307.0,309.5,2.0,309.5,32,310.5,4,18.88
9924,2021-12-01,59252,53,2420105,40.9,40.95,40.6,40.95,0.05,40.85,8,40.95,1,11.41
9925,2021-12-01,160443,123,6325430,39.3,39.55,39.2,39.55,0.2,39.45,2,39.55,26,16.08
9926,2021-12-01,21011,14,1025739,48.6,49.0,48.6,48.9,0.0,48.65,3,49.0,1,20.38
9928,2021-12-01,351,4,2096,,,,,0.0,6.01,5,6.18,4,0.0
9929,2021-12-01,5013,8,47411,9.49,9.5,9.4,9.4,0.0,9.34,1,9.47,1,0.0
9930,2021-12-01,92690,80,4120919,44.4,44.9,44.2,44.6,0.15,44.55,1,44.75,1,15.27
9931,2021-12-01,7001,8,277289,39.5,39.75,39.5,39.75,0.0,39.45,1,39.9,1,21.72
9933,2021-12-01,925760,715,33253875,35.75,36.1,35.6,36.05,0.3,36.0,14,36.05,18,21.33
9934,2021-12-01,575001,174,8572514,14.7,15.05,14.6,14.9,0.05,14.85,9,14.9,47,17.74
9935,2021-12-01,170213,58,3394764,19.95,20.0,19.9,19.9,0.1,19.85,38,19.9,1,20.1
9937,2021-12-01,29423,46,1436291,48.4,49.1,48.4,48.8,0.25,48.8,1,49.0,2,18.48
9938,2021-12-01,1168332,936,90357441,77.8,78.0,76.8,77.6,0.2,77.6,4,77.7,1,11.41
9939,2021-12-01,238312,245,16085348,67.1,67.8,67.1,67.7,0.7,67.7,2,67.8,8,10.21
9940,2021-12-01,289168,173,9523603,32.55,33.15,32.55,33.05,0.55,33.0,6,33.05,1,10.63
9941,2021-12-01,328452,365,56114148,169.0,172.0,169.0,172.0,3.0,171.5,6,172.0,10,18.22
9941A,2021-12-01,2357,4,120483,51.2,51.2,51.1,51.1,0.1,51.0,7,51.2,29,0.0
9942,2021-12-01,38805,46,3362457,87.0,87.1,86.3,86.9,0.1,86.9,1,87.1,2,13.31
9943,2021-12-01,135713,156,8181901,60.5,60.5,60.0,60.4,0.3,60.3,15,60.4,3,241.6
9944,2021-12-01,312804,110,7274200,23.2,23.35,23.15,23.3,0.1,23.3,14,23.35,17,70.61
9945,2021-12-01,4698927,2903,303320221,64.2,65.2,63.4,64.8,0.6,64.8,10,64.9,67,9.14
9946,2021-12-01,72035,52,1095058,15.05,15.25,15.05,15.25,0.05,15.2,2,15.25,5,36.31
9955,2021-12-01,46290,72,787686,16.8,17.1,16.75,17.05,0.3,17.05,16,17.1,11,0.0
9958,2021-12-01,658585,524,73465391,112.0,112.0,110.5,112.0,0.0,111.5,40,112.0,56,18.57
